Drug,pt,a_incl,PERCENT,a_bemp,a,b,c,d,ROR,PRR,Total,IC,N,E,EBGM
BEMPEDOIC,Abdominal disc,0,0.8112324493,26,0,312,26,886,0,0,1224,,1224,6.6274509804,0
INCLISIRAN,Abdominal discomfort,6,0.1872074883,0,6,306,0,912,,,1224,1.9719856238,1224,1.5294117647,3.9230769231
BEMPEDOIC,Abdominal dist,0,0.2184087363,7,0,312,7,905,0,0,1224,,1224,1.7843137255,0
BEMPEDOIC,Abdominal distension,2,0.1248049922,4,2,310,4,908,1.464516129,1.4615384615,1224,0.3870231231,1224,1.5294117647,1.3076923077
BEMPEDOIC,Abdominal pain,2,1.3416536661,43,2,310,43,869,0.1303825956,0.1359570662,1224,-2.519867472,1224,11.470588235,0.1743589744
BEMPEDOIC,Abdominal pain up,0,0.031201248,1,0,312,1,911,0,0,1224,,1224,0.2549019608,0
BEMPEDOIC,Abdominal pain upper,2,0.031201248,1,2,310,1,911,5.8774193548,5.8461538462,1224,1.3870231231,1224,0.7647058824,2.6153846154
INCLISIRAN,Abdominal tenderness,1,0.031201248,0,1,311,0,912,,,1224,1.9719856238,1224,0.2549019608,3.9230769231
BEMPEDOIC,Abnormal dream,0,0.031201248,1,0,312,1,911,0,0,1224,,1224,0.2549019608,0
INCLISIRAN,Accident,1,0.031201248,0,1,311,0,912,,,1224,1.9719856238,1224,0.2549019608,3.9230769231
BEMPEDOIC,Accident at wo,0,0.031201248,1,0,312,1,911,0,0,1224,,1224,0.2549019608,0
INCLISIRAN,Acute coronary syndrome,4,0.1248049922,0,4,308,0,912,,,1224,1.9719856238,1224,1.0196078431,3.9230769231
BEMPEDOIC,Acute kidney i,0,0.1560062402,5,0,312,5,907,0,0,1224,,1224,1.2745098039,0
INCLISIRAN,Acute kidney injury,1,0.031201248,0,1,311,0,912,,,1224,1.9719856238,1224,0.2549019608,3.9230769231
BEMPEDOIC,Acute myocardi,0,0.031201248,1,0,312,1,911,0,0,1224,,1224,0.2549019608,0
INCLISIRAN,Acute myocardial infarctio,3,0.0936037441,0,3,309,0,912,,,1224,1.9719856238,1224,0.7647058824,3.9230769231
INCLISIRAN,Acute myocardial infarction,5,0.1560062402,0,5,307,0,912,,,1224,1.9719856238,1224,1.2745098039,3.9230769231
INCLISIRAN,Administration site pain,1,0.031201248,0,1,311,0,912,,,1224,1.9719856238,1224,0.2549019608,3.9230769231
BEMPEDOIC,Adrenal insuff,0,0.031201248,1,0,312,1,911,0,0,1224,,1224,0.2549019608,0
BEMPEDOIC,Adverse drug r,0,0.1872074883,6,0,312,6,906,0,0,1224,,1224,1.5294117647,0
BEMPEDOIC,Adverse drug reaction,0,0.031201248,1,0,312,1,911,0,0,1224,,1224,0.2549019608,0
BEMPEDOIC,Adverse event,0,0.031201248,1,0,312,1,911,0,0,1224,,1224,0.2549019608,0
BEMPEDOIC,Adverse reacti,0,0.1248049922,4,0,312,4,908,0,0,1224,,1224,1.0196078431,0
INCLISIRAN,Adverse reaction,2,0.0624024961,0,2,310,0,912,,,1224,1.9719856238,1224,0.5098039216,3.9230769231
BEMPEDOIC,Agitation,0,0.031201248,1,0,312,1,911,0,0,1224,,1224,0.2549019608,0
BEMPEDOIC,Alanine aminot,0,0.031201248,1,0,312,1,911,0,0,1224,,1224,0.2549019608,0
INCLISIRAN,Alanine aminotransferase i,1,0.031201248,0,1,311,0,912,,,1224,1.9719856238,1224,0.2549019608,3.9230769231
INCLISIRAN,Alanine aminotransferase in,5,0.1560062402,0,5,307,0,912,,,1224,1.9719856238,1224,1.2745098039,3.9230769231
BEMPEDOIC,Alopecia,0,0.0936037441,3,0,312,3,909,0,0,1224,,1224,0.7647058824,0
BEMPEDOIC,Amnesia,0,0.031201248,1,0,312,1,911,0,0,1224,,1224,0.2549019608,0
BEMPEDOIC,Amylase increa,0,0.031201248,1,0,312,1,911,0,0,1224,,1224,0.2549019608,0
BEMPEDOIC,Amylase increased,0,0.031201248,1,0,312,1,911,0,0,1224,,1224,0.2549019608,0
BEMPEDOIC,Anaemia,5,0.1560062402,5,5,307,5,907,2.9543973941,2.9230769231,1224,0.9719856238,1224,2.5490196078,1.9615384615
BEMPEDOIC,Anal incontine,0,0.031201248,1,0,312,1,911,0,0,1224,,1224,0.2549019608,0
BEMPEDOIC,Anaphylactic r,0,0.031201248,1,0,312,1,911,0,0,1224,,1224,0.2549019608,0
INCLISIRAN,Anaphylactic reaction,1,0.031201248,0,1,311,0,912,,,1224,1.9719856238,1224,0.2549019608,3.9230769231
INCLISIRAN,Anaphylactic shock,1,0.031201248,0,1,311,0,912,,,1224,1.9719856238,1224,0.2549019608,3.9230769231
BEMPEDOIC,Anger,0,0.031201248,1,0,312,1,911,0,0,1224,,1224,0.2549019608,0
BEMPEDOIC,Angina pectori,0,0.3744149766,12,0,312,12,900,0,0,1224,,1224,3.0588235294,0
INCLISIRAN,Angina pectoris,3,0.0936037441,0,3,309,0,912,,,1224,1.9719856238,1224,0.7647058824,3.9230769231
INCLISIRAN,Angina unstable,11,0.3432137285,0,11,301,0,912,,,1224,1.9719856238,1224,2.8039215686,3.9230769231
BEMPEDOIC,Angioedema,0,0.031201248,1,0,312,1,911,0,0,1224,,1224,0.2549019608,0
INCLISIRAN,Ankle fracture,1,0.031201248,0,1,311,0,912,,,1224,1.9719856238,1224,0.2549019608,3.9230769231
INCLISIRAN,Anticoagulation drug leve,1,0.031201248,0,1,311,0,912,,,1224,1.9719856238,1224,0.2549019608,3.9230769231
BEMPEDOIC,Anxiety,1,0.0624024961,2,1,311,2,910,1.463022508,1.4615384615,1224,0.3870231231,1224,0.7647058824,1.3076923077
BEMPEDOIC,Aortic dissect,0,0.031201248,1,0,312,1,911,0,0,1224,,1224,0.2549019608,0
INCLISIRAN,Aortic valve stenosis,1,0.031201248,0,1,311,0,912,,,1224,1.9719856238,1224,0.2549019608,3.9230769231
BEMPEDOIC,Apathy,0,0.031201248,1,0,312,1,911,0,0,1224,,1224,0.2549019608,0
INCLISIRAN,Aphasia,1,0.031201248,0,1,311,0,912,,,1224,1.9719856238,1224,0.2549019608,3.9230769231
BEMPEDOIC,Aphonia,0,0.0624024961,2,0,312,2,910,0,0,1224,,1224,0.5098039216,0
BEMPEDOIC,Aphthous ulcer,0,0.031201248,1,0,312,1,911,0,0,1224,,1224,0.2549019608,0
INCLISIRAN,Apolipoprotein B increased,1,0.031201248,0,1,311,0,912,,,1224,1.9719856238,1224,0.2549019608,3.9230769231
BEMPEDOIC,Arrhythmia,0,0.2496099844,8,0,312,8,904,0,0,1224,,1224,2.0392156863,0
BEMPEDOIC,Arterioscleros,0,0.031201248,1,0,312,1,911,0,0,1224,,1224,0.2549019608,0
INCLISIRAN,Arteriosclerosis,3,0.0936037441,0,3,309,0,912,,,1224,1.9719856238,1224,0.7647058824,3.9230769231
BEMPEDOIC,Arthralgia,7,3.3073322933,106,7,305,106,806,0.1745128364,0.1930333817,1224,-2.040838417,1224,28.803921569,0.2430224643
BEMPEDOIC,Arthritis,1,0.3432137285,11,1,311,11,901,0.2633732827,0.2657342657,1224,-1.612976877,1224,3.0588235294,0.3269230769
BEMPEDOIC,Arthritis reac,0,0.031201248,1,0,312,1,911,0,0,1224,,1224,0.2549019608,0
BEMPEDOIC,Arthropathy,0,0.0624024961,2,0,312,2,910,0,0,1224,,1224,0.5098039216,0
BEMPEDOIC,Aspartate amin,0,0.031201248,1,0,312,1,911,0,0,1224,,1224,0.2549019608,0
BEMPEDOIC,Aspartate aminotransferase,6,0.031201248,1,6,306,1,911,17.862745098,17.538461538,1224,1.7495932025,1224,1.7843137255,3.3626373626
BEMPEDOIC,Asthenia,8,0.5304212168,17,8,304,17,895,1.3854489164,1.3755656109,1224,0.3281294341,1224,6.3725490196,1.2553846154
BEMPEDOIC,Asthenopia,0,0.031201248,1,0,312,1,911,0,0,1224,,1224,0.2549019608,0
INCLISIRAN,Asthma,2,0.0624024961,0,2,310,0,912,,,1224,1.9719856238,1224,0.5098039216,3.9230769231
BEMPEDOIC,Atrial fibrill,0,0.031201248,1,0,312,1,911,0,0,1224,,1224,0.2549019608,0
BEMPEDOIC,Atrial fibrillation,2,0.1248049922,4,2,310,4,908,1.464516129,1.4615384615,1224,0.3870231231,1224,1.5294117647,1.3076923077
INCLISIRAN,Atrioventricular block comp,1,0.031201248,0,1,311,0,912,,,1224,1.9719856238,1224,0.2549019608,3.9230769231
BEMPEDOIC,Autoimmune hep,0,0.0624024961,2,0,312,2,910,0,0,1224,,1224,0.5098039216,0
BEMPEDOIC,Autoimmune myo,0,0.031201248,1,0,312,1,911,0,0,1224,,1224,0.2549019608,0
BEMPEDOIC,Back pain,6,0.5616224649,18,6,306,18,894,0.9738562092,0.9743589744,1224,-0.028014376,1224,6.1176470588,0.9807692308
BEMPEDOIC,Balance disord,0,0.0624024961,2,0,312,2,910,0,0,1224,,1224,0.5098039216,0
BEMPEDOIC,Balance disorder,0,0.031201248,1,0,312,1,911,0,0,1224,,1224,0.2549019608,0
INCLISIRAN,Bile acids increased,1,0.031201248,0,1,311,0,912,,,1224,1.9719856238,1224,0.2549019608,3.9230769231
BEMPEDOIC,Bile duct ston,0,0.031201248,1,0,312,1,911,0,0,1224,,1224,0.2549019608,0
BEMPEDOIC,Bladder cancer,0,0.031201248,1,0,312,1,911,0,0,1224,,1224,0.2549019608,0
BEMPEDOIC,Blindness unil,0,0.031201248,1,0,312,1,911,0,0,1224,,1224,0.2549019608,0
BEMPEDOIC,Blister,2,0.031201248,1,2,310,1,911,5.8774193548,5.8461538462,1224,1.3870231231,1224,0.7647058824,2.6153846154
BEMPEDOIC,Blister rupture,0,0.031201248,1,0,312,1,911,0,0,1224,,1224,0.2549019608,0
BEMPEDOIC,Blood bilirubi,0,0.031201248,1,0,312,1,911,0,0,1224,,1224,0.2549019608,0
BEMPEDOIC,Blood choleste,0,0.1248049922,4,0,312,4,908,0,0,1224,,1224,1.0196078431,0
INCLISIRAN,Blood cholesterol abnorma,1,0.031201248,0,1,311,0,912,,,1224,1.9719856238,1224,0.2549019608,3.9230769231
INCLISIRAN,Blood cholesterol decreased,1,0.031201248,0,1,311,0,912,,,1224,1.9719856238,1224,0.2549019608,3.9230769231
BEMPEDOIC,Blood cholesterol increase,1,0.031201248,1,1,311,1,911,2.9292604502,2.9230769231,1224,0.9719856238,1224,0.5098039216,1.9615384615
INCLISIRAN,Blood cholesterol increased,2,0.0624024961,0,2,310,0,912,,,1224,1.9719856238,1224,0.5098039216,3.9230769231
BEMPEDOIC,Blood creatine,0,0.7488299532,24,0,312,24,888,0,0,1224,,1224,6.1176470588,0
BEMPEDOIC,Blood creatine ph,0,0.1248049922,4,0,312,4,908,0,0,1224,,1224,1.0196078431,0
BEMPEDOIC,Blood creatine phosphokina,0,0.031201248,1,0,312,1,911,0,0,1224,,1224,0.2549019608,0
INCLISIRAN,Blood creatine phosphokinas,5,0.1560062402,0,5,307,0,912,,,1224,1.9719856238,1224,1.2745098039,3.9230769231
BEMPEDOIC,Blood creatini,0,0.0624024961,2,0,312,2,910,0,0,1224,,1224,0.5098039216,0
BEMPEDOIC,Blood creatinine increased,1,0.031201248,1,1,311,1,911,2.9292604502,2.9230769231,1224,0.9719856238,1224,0.5098039216,1.9615384615
BEMPEDOIC,Blood disorder,0,0.031201248,1,0,312,1,911,0,0,1224,,1224,0.2549019608,0
BEMPEDOIC,Blood glucose,0,0.0624024961,2,0,312,2,910,0,0,1224,,1224,0.5098039216,0
INCLISIRAN,Blood glucose increased,10,0.3120124805,0,10,302,0,912,,,1224,1.9719856238,1224,2.5490196078,3.9230769231
INCLISIRAN,Blood loss anaemia,2,0.0624024961,0,2,310,0,912,,,1224,1.9719856238,1224,0.5098039216,3.9230769231
BEMPEDOIC,Blood phosphor,0,0.031201248,1,0,312,1,911,0,0,1224,,1224,0.2549019608,0
BEMPEDOIC,Blood pressure,0,0.3744149766,12,0,312,12,900,0,0,1224,,1224,3.0588235294,0
BEMPEDOIC,Blood pressure abnormal,0,0.031201248,1,0,312,1,911,0,0,1224,,1224,0.2549019608,0
INCLISIRAN,Blood pressure fluctuation,1,0.031201248,0,1,311,0,912,,,1224,1.9719856238,1224,0.2549019608,3.9230769231
BEMPEDOIC,Blood pressure in,0,0.1560062402,5,0,312,5,907,0,0,1224,,1224,1.2745098039,0
BEMPEDOIC,Blood pressure inadequatel,0,0.031201248,1,0,312,1,911,0,0,1224,,1224,0.2549019608,0
BEMPEDOIC,Blood pressure increased,3,0.0624024961,2,3,309,2,910,4.4174757282,4.3846153846,1224,1.2350200297,1224,1.2745098039,2.3538461538
INCLISIRAN,Blood pressure systolic inc,1,0.031201248,0,1,311,0,912,,,1224,1.9719856238,1224,0.2549019608,3.9230769231
BEMPEDOIC,Blood sodium decreased,4,0.031201248,1,4,308,1,911,11.831168831,11.692307692,1224,1.6500575289,1224,1.2745098039,3.1384615385
INCLISIRAN,Blood thyroid stimulating h,1,0.031201248,0,1,311,0,912,,,1224,1.9719856238,1224,0.2549019608,3.9230769231
BEMPEDOIC,Blood triglyce,0,0.0936037441,3,0,312,3,909,0,0,1224,,1224,0.7647058824,0
BEMPEDOIC,Blood triglycerides incre,1,0.031201248,1,1,311,1,911,2.9292604502,2.9230769231,1224,0.9719856238,1224,0.5098039216,1.9615384615
BEMPEDOIC,Blood triglycerides increa,1,0.031201248,1,1,311,1,911,2.9292604502,2.9230769231,1224,0.9719856238,1224,0.5098039216,1.9615384615
INCLISIRAN,Blood triglycerides increas,4,0.1248049922,0,4,308,0,912,,,1224,1.9719856238,1224,1.0196078431,3.9230769231
BEMPEDOIC,Blood urea increa,0,0.031201248,1,0,312,1,911,0,0,1224,,1224,0.2549019608,0
BEMPEDOIC,Blood uric aci,0,0.3120124805,10,0,312,10,902,0,0,1224,,1224,2.5490196078,0
BEMPEDOIC,Blood uric acid i,0,0.031201248,1,0,312,1,911,0,0,1224,,1224,0.2549019608,0
BEMPEDOIC,Blood uric acid increased,1,0.0936037441,3,1,311,3,909,0.9742765273,0.9743589744,1224,-0.028014376,1224,1.0196078431,0.9807692308
INCLISIRAN,Bone marrow failure,1,0.031201248,0,1,311,0,912,,,1224,1.9719856238,1224,0.2549019608,3.9230769231
BEMPEDOIC,Bone pain,0,0.5928237129,19,0,312,19,893,0,0,1224,,1224,4.8431372549,0
BEMPEDOIC,Bowel movement,0,0.031201248,1,0,312,1,911,0,0,1224,,1224,0.2549019608,0
BEMPEDOIC,Bradycardia,0,0.031201248,1,0,312,1,911,0,0,1224,,1224,0.2549019608,0
INCLISIRAN,Breast cancer,1,0.031201248,0,1,311,0,912,,,1224,1.9719856238,1224,0.2549019608,3.9230769231
BEMPEDOIC,Breast pain,0,0.031201248,1,0,312,1,911,0,0,1224,,1224,0.2549019608,0
INCLISIRAN,Bronchial carcinoma,2,0.0624024961,0,2,310,0,912,,,1224,1.9719856238,1224,0.5098039216,3.9230769231
BEMPEDOIC,Bronchitis,7,0.031201248,1,7,305,1,911,20.908196721,20.461538462,1224,1.7793405459,1224,2.0392156863,3.4326923077
INCLISIRAN,Bronchospasm,2,0.0624024961,0,2,310,0,912,,,1224,1.9719856238,1224,0.5098039216,3.9230769231
BEMPEDOIC,Burning sensat,0,0.0624024961,2,0,312,2,910,0,0,1224,,1224,0.5098039216,0
INCLISIRAN,Burning sensation,1,0.031201248,0,1,311,0,912,,,1224,1.9719856238,1224,0.2549019608,3.9230769231
BEMPEDOIC,Butterfly rash,0,0.031201248,1,0,312,1,911,0,0,1224,,1224,0.2549019608,0
INCLISIRAN,C-reactive p,1,0.031201248,0,1,311,0,912,,,1224,1.9719856238,1224,0.2549019608,3.9230769231
BEMPEDOIC,COVID-19,1,0.0624024961,2,1,311,2,910,1.463022508,1.4615384615,1224,0.3870231231,1224,0.7647058824,1.3076923077
INCLISIRAN,Cardiac arrest,1,0.031201248,0,1,311,0,912,,,1224,1.9719856238,1224,0.2549019608,3.9230769231
BEMPEDOIC,Cardiac discomfort,0,0.0624024961,2,0,312,2,910,0,0,1224,,1224,0.5098039216,0
BEMPEDOIC,Cardiac disorder,0,0.031201248,1,0,312,1,911,0,0,1224,,1224,0.2549019608,0
INCLISIRAN,Cardiac failure acute,3,0.0936037441,0,3,309,0,912,,,1224,1.9719856238,1224,0.7647058824,3.9230769231
BEMPEDOIC,Cardiac fibrillation,0,0.031201248,1,0,312,1,911,0,0,1224,,1224,0.2549019608,0
BEMPEDOIC,Cardiac flutter,0,0.1560062402,5,0,312,5,907,0,0,1224,,1224,1.2745098039,0
INCLISIRAN,Cardiac ventricular thrombo,5,0.1560062402,0,5,307,0,912,,,1224,1.9719856238,1224,1.2745098039,3.9230769231
BEMPEDOIC,Carpal tunnel syndrome,0,0.0624024961,2,0,312,2,910,0,0,1224,,1224,0.5098039216,0
INCLISIRAN,Cellulitis,2,0.0624024961,0,2,310,0,912,,,1224,1.9719856238,1224,0.5098039216,3.9230769231
INCLISIRAN,Cerebellar stroke,2,0.0624024961,0,2,310,0,912,,,1224,1.9719856238,1224,0.5098039216,3.9230769231
BEMPEDOIC,Cerebral haemo,0,0.0624024961,2,0,312,2,910,0,0,1224,,1224,0.5098039216,0
INCLISIRAN,Cerebral haemorrhage,1,0.031201248,0,1,311,0,912,,,1224,1.9719856238,1224,0.2549019608,3.9230769231
INCLISIRAN,Cerebral infarction,1,0.031201248,0,1,311,0,912,,,1224,1.9719856238,1224,0.2549019608,3.9230769231
BEMPEDOIC,Cerebrovascula,0,0.2184087363,7,0,312,7,905,0,0,1224,,1224,1.7843137255,0
INCLISIRAN,Cerebrovascular accident,4,0.1248049922,0,4,308,0,912,,,1224,1.9719856238,1224,1.0196078431,3.9230769231
INCLISIRAN,Cerebrovascular disorder,1,0.031201248,0,1,311,0,912,,,1224,1.9719856238,1224,0.2549019608,3.9230769231
BEMPEDOIC,Chest discomfo,0,0.0624024961,2,0,312,2,910,0,0,1224,,1224,0.5098039216,0
BEMPEDOIC,Chest discomfort,0,0.0936037441,3,0,312,3,909,0,0,1224,,1224,0.7647058824,0
BEMPEDOIC,Chest pain,3,0.0624024961,2,3,309,2,910,4.4174757282,4.3846153846,1224,1.2350200297,1224,1.2745098039,2.3538461538
INCLISIRAN,Chills,3,0.0936037441,0,3,309,0,912,,,1224,1.9719856238,1224,0.7647058824,3.9230769231
BEMPEDOIC,Choleli,0,0.031201248,1,0,312,1,911,0,0,1224,,1224,0.2549019608,0
BEMPEDOIC,Cholelithiasis,0,0.2496099844,8,0,312,8,904,0,0,1224,,1224,2.0392156863,0
BEMPEDOIC,Cholestasis,0,0.031201248,1,0,312,1,911,0,0,1224,,1224,0.2549019608,0
BEMPEDOIC,Chromaturia,1,0.3432137285,11,1,311,11,901,0.2633732827,0.2657342657,1224,-1.612976877,1224,3.0588235294,0.3269230769
BEMPEDOIC,Chronic pigmented,0,0.031201248,1,0,312,1,911,0,0,1224,,1224,0.2549019608,0
INCLISIRAN,Chronic sinusitis,1,0.031201248,0,1,311,0,912,,,1224,1.9719856238,1224,0.2549019608,3.9230769231
BEMPEDOIC,Circulatory co,0,0.031201248,1,0,312,1,911,0,0,1224,,1224,0.2549019608,0
BEMPEDOIC,Colitis micros,0,0.031201248,1,0,312,1,911,0,0,1224,,1224,0.2549019608,0
INCLISIRAN,Colorectal adenoma,1,0.031201248,0,1,311,0,912,,,1224,1.9719856238,1224,0.2549019608,3.9230769231
INCLISIRAN,Coma,1,0.031201248,0,1,311,0,912,,,1224,1.9719856238,1224,0.2549019608,3.9230769231
BEMPEDOIC,Condition aggr,0,0.1248049922,4,0,312,4,908,0,0,1224,,1224,1.0196078431,0
BEMPEDOIC,Condition aggravated,11,0.031201248,1,11,301,1,911,33.292358804,32.153846154,1224,1.8464547417,1224,3.0588235294,3.5961538462
BEMPEDOIC,Confusional st,0,0.2808112324,9,0,312,9,903,0,0,1224,,1224,2.2941176471,0
BEMPEDOIC,Confusional state,2,0.031201248,1,2,310,1,911,5.8774193548,5.8461538462,1224,1.3870231231,1224,0.7647058824,2.6153846154
BEMPEDOIC,Constipation,0,0.4368174727,14,0,312,14,898,0,0,1224,,1224,3.568627451,0
BEMPEDOIC,Contusion,1,0.0624024961,2,1,311,2,910,1.463022508,1.4615384615,1224,0.3870231231,1224,0.7647058824,1.3076923077
BEMPEDOIC,Corneal bleedi,0,0.0624024961,2,0,312,2,910,0,0,1224,,1224,0.5098039216,0
BEMPEDOIC,Coronary arter,0,0.1248049922,4,0,312,4,908,0,0,1224,,1224,1.0196078431,0
INCLISIRAN,Coronary artery disease,6,0.1872074883,0,6,306,0,912,,,1224,1.9719856238,1224,1.5294117647,3.9230769231
INCLISIRAN,Coronary artery stenosis,3,0.0936037441,0,3,309,0,912,,,1224,1.9719856238,1224,0.7647058824,3.9230769231
BEMPEDOIC,Coronavirus infection,2,0.0624024961,2,2,310,2,910,2.935483871,2.9230769231,1224,0.9719856238,1224,1.0196078431,1.9615384615
BEMPEDOIC,Cough,3,0.3432137285,11,3,309,11,901,0.7952338923,0.7972027972,1224,-0.250406798,1224,3.568627451,0.8406593407
BEMPEDOIC,Cutaneous T-cell lympho,0,0.031201248,1,0,312,1,911,0,0,1224,,1224,0.2549019608,0
BEMPEDOIC,Cystitis,0,0.031201248,1,0,312,1,911,0,0,1224,,1224,0.2549019608,0
BEMPEDOIC,Cystitis haemo,0,0.031201248,1,0,312,1,911,0,0,1224,,1224,0.2549019608,0
BEMPEDOIC,Deafness,0,0.031201248,1,0,312,1,911,0,0,1224,,1224,0.2549019608,0
BEMPEDOIC,Death,14,0.1248049922,4,14,298,4,908,10.66442953,10.230769231,1224,1.6094155444,1224,4.5882352941,3.0512820513
BEMPEDOIC,Decreas,0,0.031201248,1,0,312,1,911,0,0,1224,,1224,0.2549019608,0
BEMPEDOIC,Decreased appetite,1,0.031201248,1,1,311,1,911,2.9292604502,2.9230769231,1224,0.9719856238,1224,0.5098039216,1.9615384615
BEMPEDOIC,Decreased interest,0,0.031201248,1,0,312,1,911,0,0,1224,,1224,0.2549019608,0
INCLISIRAN,Deep vein thrombosis,4,0.1248049922,0,4,308,0,912,,,1224,1.9719856238,1224,1.0196078431,3.9230769231
BEMPEDOIC,Defaecation ur,0,0.031201248,1,0,312,1,911,0,0,1224,,1224,0.2549019608,0
INCLISIRAN,Dehydration,1,0.031201248,0,1,311,0,912,,,1224,1.9719856238,1224,0.2549019608,3.9230769231
BEMPEDOIC,Dementia,0,0.031201248,1,0,312,1,911,0,0,1224,,1224,0.2549019608,0
BEMPEDOIC,Depressed level of conscio,0,0.0624024961,2,0,312,2,910,0,0,1224,,1224,0.5098039216,0
BEMPEDOIC,Depressed mood,0,0.0624024961,2,0,312,2,910,0,0,1224,,1224,0.5098039216,0
BEMPEDOIC,Depression,0,0.3432137285,11,0,312,11,901,0,0,1224,,1224,2.8039215686,0
BEMPEDOIC,Depressive sym,0,0.031201248,1,0,312,1,911,0,0,1224,,1224,0.2549019608,0
BEMPEDOIC,Dermatitis allergic,0,0.031201248,1,0,312,1,911,0,0,1224,,1224,0.2549019608,0
BEMPEDOIC,Dermatitis bul,0,0.031201248,1,0,312,1,911,0,0,1224,,1224,0.2549019608,0
BEMPEDOIC,Device defective,0,0.031201248,1,0,312,1,911,0,0,1224,,1224,0.2549019608,0
BEMPEDOIC,Device occlusion,0,0.031201248,1,0,312,1,911,0,0,1224,,1224,0.2549019608,0
BEMPEDOIC,Diabetes melli,0,0.031201248,1,0,312,1,911,0,0,1224,,1224,0.2549019608,0
INCLISIRAN,Diabetes mellitus,6,0.1872074883,0,6,306,0,912,,,1224,1.9719856238,1224,1.5294117647,3.9230769231
INCLISIRAN,Diabetes mellitus inadequ,1,0.031201248,0,1,311,0,912,,,1224,1.9719856238,1224,0.2549019608,3.9230769231
BEMPEDOIC,Diabetes mellitus inadequa,0,0.031201248,1,0,312,1,911,0,0,1224,,1224,0.2549019608,0
INCLISIRAN,Diabetes mellitus inadequat,2,0.0624024961,0,2,310,0,912,,,1224,1.9719856238,1224,0.5098039216,3.9230769231
INCLISIRAN,Diabetic ketoacidosis,2,0.0624024961,0,2,310,0,912,,,1224,1.9719856238,1224,0.5098039216,3.9230769231
BEMPEDOIC,Diabetic metab,0,0.031201248,1,0,312,1,911,0,0,1224,,1224,0.2549019608,0
BEMPEDOIC,Diarrhoea,9,1.3104524181,42,9,303,42,870,0.6152758133,0.6263736264,1224,-0.530514717,1224,13,0.6923076923
BEMPEDOIC,Diplopia,0,0.031201248,1,0,312,1,911,0,0,1224,,1224,0.2549019608,0
BEMPEDOIC,Disability,0,0.031201248,1,0,312,1,911,0,0,1224,,1224,0.2549019608,0
BEMPEDOIC,Discomfort,1,0.0624024961,2,1,311,2,910,1.463022508,1.4615384615,1224,0.3870231231,1224,0.7647058824,1.3076923077
BEMPEDOIC,Discontinued p,0,0.031201248,1,0,312,1,911,0,0,1224,,1224,0.2549019608,0
BEMPEDOIC,Disease progression,10,0.1248049922,4,10,302,4,908,7.5165562914,7.3076923077,1224,1.4865587967,1224,3.568627451,2.8021978022
BEMPEDOIC,Disorientation,0,0.0624024961,2,0,312,2,910,0,0,1224,,1224,0.5098039216,0
BEMPEDOIC,Disturbance in,0,0.031201248,1,0,312,1,911,0,0,1224,,1224,0.2549019608,0
INCLISIRAN,Diverticulit,1,0.031201248,0,1,311,0,912,,,1224,1.9719856238,1224,0.2549019608,3.9230769231
BEMPEDOIC,Diverticulitis,1,0.2184087363,7,1,311,7,905,0.4157096922,0.4175824176,1224,-1.028014376,1224,2.0392156863,0.4903846154
BEMPEDOIC,Diverticulum,1,0.031201248,1,1,311,1,911,2.9292604502,2.9230769231,1224,0.9719856238,1224,0.5098039216,1.9615384615
INCLISIRAN,Diverticulum intestinal,2,0.0624024961,0,2,310,0,912,,,1224,1.9719856238,1224,0.5098039216,3.9230769231
BEMPEDOIC,Dizzine,0,0.1248049922,4,0,312,4,908,0,0,1224,,1224,1.0196078431,0
BEMPEDOIC,Dizziness,4,1.9968798752,64,4,308,64,848,0.1720779221,0.1826923077,1224,-2.115477217,1224,17.333333333,0.2307692308
BEMPEDOIC,Dizziness postural,0,0.031201248,1,0,312,1,911,0,0,1224,,1224,0.2549019608,0
BEMPEDOIC,Drug dose titration not p,0,0.031201248,1,0,312,1,911,0,0,1224,,1224,0.2549019608,0
BEMPEDOIC,Drug dose titration not pe,0,0.031201248,1,0,312,1,911,0,0,1224,,1224,0.2549019608,0
INCLISIRAN,Drug effect,1,0.031201248,0,1,311,0,912,,,1224,1.9719856238,1224,0.2549019608,3.9230769231
BEMPEDOIC,Drug effect le,0,0.3120124805,10,0,312,10,902,0,0,1224,,1224,2.5490196078,0
INCLISIRAN,Drug effect less than expe,1,0.031201248,0,1,311,0,912,,,1224,1.9719856238,1224,0.2549019608,3.9230769231
BEMPEDOIC,Drug eruption,0,0.031201248,1,0,312,1,911,0,0,1224,,1224,0.2549019608,0
BEMPEDOIC,Drug hypersens,0,0.0624024961,2,0,312,2,910,0,0,1224,,1224,0.5098039216,0
BEMPEDOIC,Drug hypersensitivity,0,0.0624024961,2,0,312,2,910,0,0,1224,,1224,0.5098039216,0
BEMPEDOIC,Drug ineffecti,0,0.2496099844,8,0,312,8,904,0,0,1224,,1224,2.0392156863,0
BEMPEDOIC,Drug ineffective,11,0.0624024961,2,11,301,2,910,16.627906977,16.076923077,1224,1.7309775243,1224,3.3137254902,3.3195266272
BEMPEDOIC,Drug interacti,0,0.2496099844,8,0,312,8,904,0,0,1224,,1224,2.0392156863,0
BEMPEDOIC,Drug interaction,1,0.2184087363,7,1,311,7,905,0.4157096922,0.4175824176,1224,-1.028014376,1224,2.0392156863,0.4903846154
BEMPEDOIC,Drug intoleran,0,0.3120124805,10,0,312,10,902,0,0,1224,,1224,2.5490196078,0
BEMPEDOIC,Drug intolerance,9,0.4056162246,13,9,303,13,899,2.0540746382,2.0236686391,1224,0.6824790066,1224,5.6078431373,1.6048951049
INCLISIRAN,Drug level decreased,1,0.031201248,0,1,311,0,912,,,1224,1.9719856238,1224,0.2549019608,3.9230769231
BEMPEDOIC,Drug level increa,0,0.1248049922,4,0,312,4,908,0,0,1224,,1224,1.0196078431,0
BEMPEDOIC,Drug level increased,0,0.0936037441,3,0,312,3,909,0,0,1224,,1224,0.7647058824,0
BEMPEDOIC,Drug-disease inte,0,0.031201248,1,0,312,1,911,0,0,1224,,1224,0.2549019608,0
BEMPEDOIC,Drug-induced l,0,0.1872074883,6,0,312,6,906,0,0,1224,,1224,1.5294117647,0
BEMPEDOIC,Drug-induced liver injury,5,0.031201248,1,5,307,1,911,14.83713355,14.615384615,1224,1.708951218,1224,1.5294117647,3.2692307692
BEMPEDOIC,Dry mouth,0,0.1248049922,4,0,312,4,908,0,0,1224,,1224,1.0196078431,0
BEMPEDOIC,Dry skin,0,0.031201248,1,0,312,1,911,0,0,1224,,1224,0.2549019608,0
BEMPEDOIC,Dry th,0,0.031201248,1,0,312,1,911,0,0,1224,,1224,0.2549019608,0
INCLISIRAN,Duodenal ulcer,1,0.031201248,0,1,311,0,912,,,1224,1.9719856238,1224,0.2549019608,3.9230769231
BEMPEDOIC,Duodenitis,0,0.1560062402,5,0,312,5,907,0,0,1224,,1224,1.2745098039,0
BEMPEDOIC,Duodenogastric reflux,0,0.031201248,1,0,312,1,911,0,0,1224,,1224,0.2549019608,0
BEMPEDOIC,Dyspepsia,0,0.4680187207,15,0,312,15,897,0,0,1224,,1224,3.8235294118,0
BEMPEDOIC,Dysphonia,0,0.0624024961,2,0,312,2,910,0,0,1224,,1224,0.5098039216,0
BEMPEDOIC,Dyspnoea,17,0.8424336973,27,17,295,27,885,1.8888888889,1.8404558405,1224,0.6000168464,1224,11.215686275,1.5157342657
BEMPEDOIC,Dyssta,0,0.0936037441,3,0,312,3,909,0,0,1224,,1224,0.7647058824,0
BEMPEDOIC,Dysstasia,1,0.031201248,1,1,311,1,911,2.9292604502,2.9230769231,1224,0.9719856238,1224,0.5098039216,1.9615384615
BEMPEDOIC,Dysuria,0,0.031201248,1,0,312,1,911,0,0,1224,,1224,0.2549019608,0
BEMPEDOIC,Eczema,1,0.0624024961,2,1,311,2,910,1.463022508,1.4615384615,1224,0.3870231231,1224,0.7647058824,1.3076923077
BEMPEDOIC,Electric shock,0,0.031201248,1,0,312,1,911,0,0,1224,,1224,0.2549019608,0
BEMPEDOIC,Emotional distres,0,0.031201248,1,0,312,1,911,0,0,1224,,1224,0.2549019608,0
INCLISIRAN,Enteritis,2,0.0624024961,0,2,310,0,912,,,1224,1.9719856238,1224,0.5098039216,3.9230769231
BEMPEDOIC,Epicondylitis,0,0.031201248,1,0,312,1,911,0,0,1224,,1224,0.2549019608,0
BEMPEDOIC,Epigastric dis,0,0.031201248,1,0,312,1,911,0,0,1224,,1224,0.2549019608,0
BEMPEDOIC,Epilep,0,0.0936037441,3,0,312,3,909,0,0,1224,,1224,0.7647058824,0
INCLISIRAN,Epilepsy,1,0.031201248,0,1,311,0,912,,,1224,1.9719856238,1224,0.2549019608,3.9230769231
BEMPEDOIC,Epistaxis,0,0.0624024961,2,0,312,2,910,0,0,1224,,1224,0.5098039216,0
BEMPEDOIC,Erectile dysfu,0,0.0624024961,2,0,312,2,910,0,0,1224,,1224,0.5098039216,0
BEMPEDOIC,Eructation,0,0.031201248,1,0,312,1,911,0,0,1224,,1224,0.2549019608,0
BEMPEDOIC,Erythe,0,0.031201248,1,0,312,1,911,0,0,1224,,1224,0.2549019608,0
BEMPEDOIC,Erythema,2,0.3744149766,12,2,310,12,900,0.4838709677,0.4871794872,1224,-0.835369298,1224,3.568627451,0.5604395604
INCLISIRAN,Erythema multiforme,1,0.031201248,0,1,311,0,912,,,1224,1.9719856238,1224,0.2549019608,3.9230769231
BEMPEDOIC,Euphoric mood,0,0.031201248,1,0,312,1,911,0,0,1224,,1224,0.2549019608,0
INCLISIRAN,Exercise tolerance,1,0.031201248,0,1,311,0,912,,,1224,1.9719856238,1224,0.2549019608,3.9230769231
BEMPEDOIC,Exophthalmos,0,0.031201248,1,0,312,1,911,0,0,1224,,1224,0.2549019608,0
BEMPEDOIC,Expired product a,0,0.0624024961,2,0,312,2,910,0,0,1224,,1224,0.5098039216,0
BEMPEDOIC,Extraocular muscle paresis,0,0.031201248,1,0,312,1,911,0,0,1224,,1224,0.2549019608,0
BEMPEDOIC,Extrasystoles,0,0.031201248,1,0,312,1,911,0,0,1224,,1224,0.2549019608,0
BEMPEDOIC,Eye infarction,0,0.031201248,1,0,312,1,911,0,0,1224,,1224,0.2549019608,0
BEMPEDOIC,Eye irritation,0,0.0624024961,2,0,312,2,910,0,0,1224,,1224,0.5098039216,0
BEMPEDOIC,Eye pain,0,0.2496099844,8,0,312,8,904,0,0,1224,,1224,2.0392156863,0
BEMPEDOIC,Eye pru,0,0.0624024961,2,0,312,2,910,0,0,1224,,1224,0.5098039216,0
BEMPEDOIC,F,1,0.1872074883,6,1,311,6,906,0.4855305466,0.4871794872,1224,-0.835369298,1224,1.7843137255,0.5604395604
BEMPEDOIC,Face injury,0,0.031201248,1,0,312,1,911,0,0,1224,,1224,0.2549019608,0
BEMPEDOIC,Face oe,0,0.031201248,1,0,312,1,911,0,0,1224,,1224,0.2549019608,0
INCLISIRAN,Facial discomfort,2,0.0624024961,0,2,310,0,912,,,1224,1.9719856238,1224,0.5098039216,3.9230769231
BEMPEDOIC,Facial pain,0,0.031201248,1,0,312,1,911,0,0,1224,,1224,0.2549019608,0
BEMPEDOIC,Facial paralysis,0,0.031201248,1,0,312,1,911,0,0,1224,,1224,0.2549019608,0
BEMPEDOIC,Facial paresis,0,0.031201248,1,0,312,1,911,0,0,1224,,1224,0.2549019608,0
INCLISIRAN,Faeces discoloured,3,0.0936037441,0,3,309,0,912,,,1224,1.9719856238,1224,0.7647058824,3.9230769231
BEMPEDOIC,Fall,0,0.2496099844,8,0,312,8,904,0,0,1224,,1224,2.0392156863,0
BEMPEDOIC,Fasciitis,0,0.031201248,1,0,312,1,911,0,0,1224,,1224,0.2549019608,0
BEMPEDOIC,Fatigu,0,0.1248049922,4,0,312,4,908,0,0,1224,,1224,1.0196078431,0
BEMPEDOIC,Fatigue,6,1.0920436817,35,6,306,35,877,0.4913165266,0.5010989011,1224,-0.80060388,1224,10.450980392,0.574108818
INCLISIRAN,Fear of death,9,0.2808112324,0,9,303,0,912,,,1224,1.9719856238,1224,2.2941176471,3.9230769231
BEMPEDOIC,Feelin,0,0.0936037441,3,0,312,3,909,0,0,1224,,1224,0.7647058824,0
BEMPEDOIC,Feeling,0,0.031201248,1,0,312,1,911,0,0,1224,,1224,0.2549019608,0
BEMPEDOIC,Feeling abnorm,0,0.1560062402,5,0,312,5,907,0,0,1224,,1224,1.2745098039,0
BEMPEDOIC,Feeling abnormal,2,0.4056162246,13,2,310,13,899,0.4461538462,0.449704142,1224,-0.934904972,1224,3.8235294118,0.5230769231
INCLISIRAN,Feeling cold,1,0.031201248,0,1,311,0,912,,,1224,1.9719856238,1224,0.2549019608,3.9230769231
BEMPEDOIC,Feeling drunk,0,0.031201248,1,0,312,1,911,0,0,1224,,1224,0.2549019608,0
BEMPEDOIC,Feeling hot,0,0.031201248,1,0,312,1,911,0,0,1224,,1224,0.2549019608,0
BEMPEDOIC,Fibromyalgia,1,0.0624024961,2,1,311,2,910,1.463022508,1.4615384615,1224,0.3870231231,1224,0.7647058824,1.3076923077
BEMPEDOIC,Flank pain,0,0.031201248,1,0,312,1,911,0,0,1224,,1224,0.2549019608,0
BEMPEDOIC,Flatulence,1,0.1560062402,5,1,311,5,907,0.5832797428,0.5846153846,1224,-0.612976877,1224,1.5294117647,0.6538461538
BEMPEDOIC,Fluid intake r,0,0.1248049922,4,0,312,4,908,0,0,1224,,1224,1.0196078431,0
INCLISIRAN,Fluid retention,1,0.031201248,0,1,311,0,912,,,1224,1.9719856238,1224,0.2549019608,3.9230769231
BEMPEDOIC,Flushing,0,0.0624024961,2,0,312,2,910,0,0,1224,,1224,0.5098039216,0
INCLISIRAN,G,1,0.031201248,0,1,311,0,912,,,1224,1.9719856238,1224,0.2549019608,3.9230769231
BEMPEDOIC,Gait disturban,0,0.1248049922,4,0,312,4,908,0,0,1224,,1224,1.0196078431,0
BEMPEDOIC,Gait disturbance,3,0.1248049922,4,3,309,4,908,2.2038834951,2.1923076923,1224,0.7495932025,1224,1.7843137255,1.6813186813
BEMPEDOIC,Gait inability,1,0.1560062402,5,1,311,5,907,0.5832797428,0.5846153846,1224,-0.612976877,1224,1.5294117647,0.6538461538
BEMPEDOIC,Gallbladder disorder,0,0.031201248,1,0,312,1,911,0,0,1224,,1224,0.2549019608,0
BEMPEDOIC,Gamma-glutamyltransfera,0,0.0624024961,2,0,312,2,910,0,0,1224,,1224,0.5098039216,0
INCLISIRAN,Gamma-glutamyltransferase,1,0.031201248,0,1,311,0,912,,,1224,1.9719856238,1224,0.2549019608,3.9230769231
INCLISIRAN,Gamma-glutamyltransferase i,2,0.0624024961,0,2,310,0,912,,,1224,1.9719856238,1224,0.5098039216,3.9230769231
BEMPEDOIC,Gastri,0,0.031201248,1,0,312,1,911,0,0,1224,,1224,0.2549019608,0
INCLISIRAN,Gastritis erosive,3,0.0936037441,0,3,309,0,912,,,1224,1.9719856238,1224,0.7647058824,3.9230769231
INCLISIRAN,Gastroenteritis,1,0.031201248,0,1,311,0,912,,,1224,1.9719856238,1224,0.2549019608,3.9230769231
INCLISIRAN,Gastroenteritis viral,1,0.031201248,0,1,311,0,912,,,1224,1.9719856238,1224,0.2549019608,3.9230769231
BEMPEDOIC,Gastroi,0,0.031201248,1,0,312,1,911,0,0,1224,,1224,0.2549019608,0
BEMPEDOIC,Gastrointestin,0,0.031201248,1,0,312,1,911,0,0,1224,,1224,0.2549019608,0
BEMPEDOIC,Gastrointestinal,0,0.0624024961,2,0,312,2,910,0,0,1224,,1224,0.5098039216,0
BEMPEDOIC,Gastrointestinal disorder,0,0.0936037441,3,0,312,3,909,0,0,1224,,1224,0.7647058824,0
INCLISIRAN,Gastrointestinal haemorrha,1,0.031201248,0,1,311,0,912,,,1224,1.9719856238,1224,0.2549019608,3.9230769231
INCLISIRAN,Gastrointestinal haemorrhag,3,0.0936037441,0,3,309,0,912,,,1224,1.9719856238,1224,0.7647058824,3.9230769231
BEMPEDOIC,Gastrointestinal pain,0,0.0936037441,3,0,312,3,909,0,0,1224,,1224,0.7647058824,0
INCLISIRAN,Gastrointestinal ulcer,2,0.0624024961,0,2,310,0,912,,,1224,1.9719856238,1224,0.5098039216,3.9230769231
BEMPEDOIC,Gastrooesophag,0,0.1248049922,4,0,312,4,908,0,0,1224,,1224,1.0196078431,0
BEMPEDOIC,Gastrooesophageal,0,0.2808112324,9,0,312,9,903,0,0,1224,,1224,2.2941176471,0
BEMPEDOIC,Gastrostomy,0,0.031201248,1,0,312,1,911,0,0,1224,,1224,0.2549019608,0
BEMPEDOIC,Genera,0,0.031201248,1,0,312,1,911,0,0,1224,,1224,0.2549019608,0
INCLISIRAN,General phys,1,0.031201248,0,1,311,0,912,,,1224,1.9719856238,1224,0.2549019608,3.9230769231
BEMPEDOIC,General physic,0,0.2496099844,8,0,312,8,904,0,0,1224,,1224,2.0392156863,0
BEMPEDOIC,General physical,0,0.031201248,1,0,312,1,911,0,0,1224,,1224,0.2549019608,0
BEMPEDOIC,General physical health de,0,0.031201248,1,0,312,1,911,0,0,1224,,1224,0.2549019608,0
BEMPEDOIC,Gingival swell,0,0.1248049922,4,0,312,4,908,0,0,1224,,1224,1.0196078431,0
INCLISIRAN,Glaucoma,1,0.031201248,0,1,311,0,912,,,1224,1.9719856238,1224,0.2549019608,3.9230769231
BEMPEDOIC,Glomerular fil,0,0.0936037441,3,0,312,3,909,0,0,1224,,1224,0.7647058824,0
BEMPEDOIC,Glomerular filtra,0,0.0624024961,2,0,312,2,910,0,0,1224,,1224,0.5098039216,0
BEMPEDOIC,Glomerular filtration rate,2,0.031201248,1,2,310,1,911,5.8774193548,5.8461538462,1224,1.3870231231,1224,0.7647058824,2.6153846154
INCLISIRAN,Gluten sensitivity,1,0.031201248,0,1,311,0,912,,,1224,1.9719856238,1224,0.2549019608,3.9230769231
INCLISIRAN,Glycosylated haemo,1,0.031201248,0,1,311,0,912,,,1224,1.9719856238,1224,0.2549019608,3.9230769231
BEMPEDOIC,Goitre,0,0.031201248,1,0,312,1,911,0,0,1224,,1224,0.2549019608,0
BEMPEDOIC,Gout,0,1.248049922,40,0,312,40,872,0,0,1224,,1224,10.196078431,0
BEMPEDOIC,Gouty arthritis,0,0.031201248,1,0,312,1,911,0,0,1224,,1224,0.2549019608,0
BEMPEDOIC,Gouty tophus,0,0.031201248,1,0,312,1,911,0,0,1224,,1224,0.2549019608,0
BEMPEDOIC,H,3,0.2808112324,9,3,309,9,903,0.9741100324,0.9743589744,1224,-0.028014376,1224,3.0588235294,0.9807692308
INCLISIRAN,Haematemesis,1,0.031201248,0,1,311,0,912,,,1224,1.9719856238,1224,0.2549019608,3.9230769231
INCLISIRAN,Haematochezi,2,0.0624024961,0,2,310,0,912,,,1224,1.9719856238,1224,0.5098039216,3.9230769231
BEMPEDOIC,Haematochezia,0,0.0936037441,3,0,312,3,909,0,0,1224,,1224,0.7647058824,0
BEMPEDOIC,Haematoma,1,0.031201248,1,1,311,1,911,2.9292604502,2.9230769231,1224,0.9719856238,1224,0.5098039216,1.9615384615
INCLISIRAN,Haemoglobin,1,0.031201248,0,1,311,0,912,,,1224,1.9719856238,1224,0.2549019608,3.9230769231
INCLISIRAN,Haemoglobin decrea,1,0.031201248,0,1,311,0,912,,,1224,1.9719856238,1224,0.2549019608,3.9230769231
BEMPEDOIC,Haemoglobin decreased,1,0.1872074883,6,1,311,6,906,0.4855305466,0.4871794872,1224,-0.835369298,1224,1.7843137255,0.5604395604
BEMPEDOIC,Haemolytic ana,0,0.031201248,1,0,312,1,911,0,0,1224,,1224,0.2549019608,0
INCLISIRAN,Haemolytic anaemia,1,0.031201248,0,1,311,0,912,,,1224,1.9719856238,1224,0.2549019608,3.9230769231
INCLISIRAN,Haemorrhage,2,0.0624024961,0,2,310,0,912,,,1224,1.9719856238,1224,0.5098039216,3.9230769231
BEMPEDOIC,Haemorrhagic diathesis,0,0.031201248,1,0,312,1,911,0,0,1224,,1224,0.2549019608,0
BEMPEDOIC,Hair growth ab,0,0.031201248,1,0,312,1,911,0,0,1224,,1224,0.2549019608,0
BEMPEDOIC,Hallucination,0,0.031201248,1,0,312,1,911,0,0,1224,,1224,0.2549019608,0
BEMPEDOIC,Head di,0,0.031201248,1,0,312,1,911,0,0,1224,,1224,0.2549019608,0
BEMPEDOIC,Head discomfort,1,0.031201248,1,1,311,1,911,2.9292604502,2.9230769231,1224,0.9719856238,1224,0.5098039216,1.9615384615
BEMPEDOIC,Head injury,0,0.031201248,1,0,312,1,911,0,0,1224,,1224,0.2549019608,0
BEMPEDOIC,Headac,0,0.031201248,1,0,312,1,911,0,0,1224,,1224,0.2549019608,0
BEMPEDOIC,Headach,0,0.1248049922,4,0,312,4,908,0,0,1224,,1224,1.0196078431,0
BEMPEDOIC,Headache,9,0.9672386895,31,9,303,31,881,0.8441392526,0.8486352357,1224,-0.18001747,1224,10.196078431,0.8826923077
BEMPEDOIC,Heart rate inc,0,0.031201248,1,0,312,1,911,0,0,1224,,1224,0.2549019608,0
BEMPEDOIC,Heart rate irregular,0,0.0624024961,2,0,312,2,910,0,0,1224,,1224,0.5098039216,0
BEMPEDOIC,Heat exhaustion,0,0.031201248,1,0,312,1,911,0,0,1224,,1224,0.2549019608,0
BEMPEDOIC,Hepatic enzyme,0,0.0936037441,3,0,312,3,909,0,0,1224,,1224,0.7647058824,0
INCLISIRAN,Hepatic enzyme abnormal,1,0.031201248,0,1,311,0,912,,,1224,1.9719856238,1224,0.2549019608,3.9230769231
INCLISIRAN,Hepatic enzyme increased,3,0.0936037441,0,3,309,0,912,,,1224,1.9719856238,1224,0.7647058824,3.9230769231
INCLISIRAN,Hepatic fibrosis,18,0.5616224649,0,18,294,0,912,,,1224,1.9719856238,1224,4.5882352941,3.9230769231
BEMPEDOIC,Hepatic functi,0,0.031201248,1,0,312,1,911,0,0,1224,,1224,0.2549019608,0
BEMPEDOIC,Hepatic pain,0,0.0624024961,2,0,312,2,910,0,0,1224,,1224,0.5098039216,0
INCLISIRAN,Hepatic stea,1,0.031201248,0,1,311,0,912,,,1224,1.9719856238,1224,0.2549019608,3.9230769231
INCLISIRAN,Hepatic steatosis,2,0.0624024961,0,2,310,0,912,,,1224,1.9719856238,1224,0.5098039216,3.9230769231
BEMPEDOIC,Hepatitis,1,0.0936037441,3,1,311,3,909,0.9742765273,0.9743589744,1224,-0.028014376,1224,1.0196078431,0.9807692308
BEMPEDOIC,Hepatitis E,0,0.031201248,1,0,312,1,911,0,0,1224,,1224,0.2549019608,0
BEMPEDOIC,Hepatitis acut,0,0.031201248,1,0,312,1,911,0,0,1224,,1224,0.2549019608,0
BEMPEDOIC,Hepatocellular injury,0,0.031201248,1,0,312,1,911,0,0,1224,,1224,0.2549019608,0
BEMPEDOIC,Hepatotoxicity,0,0.3432137285,11,0,312,11,901,0,0,1224,,1224,2.8039215686,0
INCLISIRAN,Herpes virus infection,1,0.031201248,0,1,311,0,912,,,1224,1.9719856238,1224,0.2549019608,3.9230769231
BEMPEDOIC,Herpes zoster,0,0.031201248,1,0,312,1,911,0,0,1224,,1224,0.2549019608,0
INCLISIRAN,Hiatus herni,3,0.0936037441,0,3,309,0,912,,,1224,1.9719856238,1224,0.7647058824,3.9230769231
BEMPEDOIC,Hospice care,0,0.031201248,1,0,312,1,911,0,0,1224,,1224,0.2549019608,0
BEMPEDOIC,Hot flu,0,0.031201248,1,0,312,1,911,0,0,1224,,1224,0.2549019608,0
BEMPEDOIC,Hot flush,1,0.0624024961,2,1,311,2,910,1.463022508,1.4615384615,1224,0.3870231231,1224,0.7647058824,1.3076923077
BEMPEDOIC,Hypercreatinin,0,0.031201248,1,0,312,1,911,0,0,1224,,1224,0.2549019608,0
BEMPEDOIC,Hyperglycaemia,0,0.1248049922,4,0,312,4,908,0,0,1224,,1224,1.0196078431,0
BEMPEDOIC,Hyperh,0,0.031201248,1,0,312,1,911,0,0,1224,,1224,0.2549019608,0
BEMPEDOIC,Hyperhidrosis,0,0.1872074883,6,0,312,6,906,0,0,1224,,1224,1.5294117647,0
BEMPEDOIC,Hyperkalaemia,0,0.1560062402,5,0,312,5,907,0,0,1224,,1224,1.2745098039,0
INCLISIRAN,Hyperlipidaemia,1,0.031201248,0,1,311,0,912,,,1224,1.9719856238,1224,0.2549019608,3.9230769231
BEMPEDOIC,Hypersensitivi,0,0.031201248,1,0,312,1,911,0,0,1224,,1224,0.2549019608,0
BEMPEDOIC,Hypersensitivity,4,0.1248049922,4,4,308,4,908,2.9480519481,2.9230769231,1224,0.9719856238,1224,2.0392156863,1.9615384615
INCLISIRAN,Hypersomnia,1,0.031201248,0,1,311,0,912,,,1224,1.9719856238,1224,0.2549019608,3.9230769231
BEMPEDOIC,Hypertension,0,0.0624024961,2,0,312,2,910,0,0,1224,,1224,0.5098039216,0
BEMPEDOIC,Hypertensive c,0,0.031201248,1,0,312,1,911,0,0,1224,,1224,0.2549019608,0
BEMPEDOIC,Hypertensive crisis,1,0.0624024961,2,1,311,2,910,1.463022508,1.4615384615,1224,0.3870231231,1224,0.7647058824,1.3076923077
INCLISIRAN,Hyperthyroidism,2,0.0624024961,0,2,310,0,912,,,1224,1.9719856238,1224,0.5098039216,3.9230769231
BEMPEDOIC,Hypertr,0,0.031201248,1,0,312,1,911,0,0,1224,,1224,0.2549019608,0
BEMPEDOIC,Hypertriglycer,0,0.1248049922,4,0,312,4,908,0,0,1224,,1224,1.0196078431,0
BEMPEDOIC,Hyperuricaemia,1,0.1248049922,4,1,311,4,908,0.729903537,0.7307692308,1224,-0.349942471,1224,1.2745098039,0.7846153846
BEMPEDOIC,Hypoacusis,0,0.0624024961,2,0,312,2,910,0,0,1224,,1224,0.5098039216,0
BEMPEDOIC,Hypoaesthesia,1,0.0936037441,3,1,311,3,909,0.9742765273,0.9743589744,1224,-0.028014376,1224,1.0196078431,0.9807692308
BEMPEDOIC,Hypoglycaemia,1,0.0624024961,2,1,311,2,910,1.463022508,1.4615384615,1224,0.3870231231,1224,0.7647058824,1.3076923077
INCLISIRAN,Hypokalaemia,1,0.031201248,0,1,311,0,912,,,1224,1.9719856238,1224,0.2549019608,3.9230769231
INCLISIRAN,Hypokinesia,1,0.031201248,0,1,311,0,912,,,1224,1.9719856238,1224,0.2549019608,3.9230769231
INCLISIRAN,Hyponatraemia,7,0.2184087363,0,7,305,0,912,,,1224,1.9719856238,1224,1.7843137255,3.9230769231
BEMPEDOIC,Hypotension,1,0.031201248,1,1,311,1,911,2.9292604502,2.9230769231,1224,0.9719856238,1224,0.5098039216,1.9615384615
BEMPEDOIC,Hypothyroidism,0,0.031201248,1,0,312,1,911,0,0,1224,,1224,0.2549019608,0
BEMPEDOIC,I,3,0.031201248,1,3,309,1,911,8.8446601942,8.7692307692,1224,1.5569481246,1224,1.0196078431,2.9423076923
BEMPEDOIC,Ill-defined disorder,1,0.031201248,1,1,311,1,911,2.9292604502,2.9230769231,1224,0.9719856238,1224,0.5098039216,1.9615384615
BEMPEDOIC,Illness,0,0.0936037441,3,0,312,3,909,0,0,1224,,1224,0.7647058824,0
BEMPEDOIC,Immobi,0,0.031201248,1,0,312,1,911,0,0,1224,,1224,0.2549019608,0
INCLISIRAN,Immobilisation syndrome,9,0.2808112324,0,9,303,0,912,,,1224,1.9719856238,1224,2.2941176471,3.9230769231
BEMPEDOIC,Impaire,0,0.031201248,1,0,312,1,911,0,0,1224,,1224,0.2549019608,0
BEMPEDOIC,Impaired driving abilit,0,0.031201248,1,0,312,1,911,0,0,1224,,1224,0.2549019608,0
BEMPEDOIC,Impaired driving ability,0,0.0624024961,2,0,312,2,910,0,0,1224,,1224,0.5098039216,0
BEMPEDOIC,Impaired gastr,0,0.031201248,1,0,312,1,911,0,0,1224,,1224,0.2549019608,0
INCLISIRAN,Impaired healing,1,0.031201248,0,1,311,0,912,,,1224,1.9719856238,1224,0.2549019608,3.9230769231
BEMPEDOIC,Inappr,0,0.0624024961,2,0,312,2,910,0,0,1224,,1224,0.5098039216,0
INCLISIRAN,Inappropriate schedule of,1,0.031201248,0,1,311,0,912,,,1224,1.9719856238,1224,0.2549019608,3.9230769231
INCLISIRAN,Incorrect dose administered,1,0.031201248,0,1,311,0,912,,,1224,1.9719856238,1224,0.2549019608,3.9230769231
INCLISIRAN,Inflammation,1,0.031201248,0,1,311,0,912,,,1224,1.9719856238,1224,0.2549019608,3.9230769231
INCLISIRAN,Influenza,1,0.031201248,0,1,311,0,912,,,1224,1.9719856238,1224,0.2549019608,3.9230769231
BEMPEDOIC,Influenza like il,0,0.031201248,1,0,312,1,911,0,0,1224,,1224,0.2549019608,0
BEMPEDOIC,Influenza like illness,1,0.1248049922,4,1,311,4,908,0.729903537,0.7307692308,1224,-0.349942471,1224,1.2745098039,0.7846153846
BEMPEDOIC,Injecti,0,0.031201248,1,0,312,1,911,0,0,1224,,1224,0.2549019608,0
BEMPEDOIC,Injection site,0,0.0624024961,2,0,312,2,910,0,0,1224,,1224,0.5098039216,0
BEMPEDOIC,Injection site er,0,0.031201248,1,0,312,1,911,0,0,1224,,1224,0.2549019608,0
INCLISIRAN,Injection site erythema,1,0.031201248,0,1,311,0,912,,,1224,1.9719856238,1224,0.2549019608,3.9230769231
BEMPEDOIC,Injection site pain,1,0.0624024961,2,1,311,2,910,1.463022508,1.4615384615,1224,0.3870231231,1224,0.7647058824,1.3076923077
BEMPEDOIC,Injection site pruritus,0,0.031201248,1,0,312,1,911,0,0,1224,,1224,0.2549019608,0
INCLISIRAN,Injection site rash,4,0.1248049922,0,4,308,0,912,,,1224,1.9719856238,1224,1.0196078431,3.9230769231
INCLISIRAN,Injection site reaction,2,0.0624024961,0,2,310,0,912,,,1224,1.9719856238,1224,0.5098039216,3.9230769231
BEMPEDOIC,Injury,0,0.0624024961,2,0,312,2,910,0,0,1224,,1224,0.5098039216,0
BEMPEDOIC,Insomnia,0,0.1560062402,5,0,312,5,907,0,0,1224,,1224,1.2745098039,0
BEMPEDOIC,International,0,0.2184087363,7,0,312,7,905,0,0,1224,,1224,1.7843137255,0
BEMPEDOIC,International nor,0,0.0936037441,3,0,312,3,909,0,0,1224,,1224,0.7647058824,0
INCLISIRAN,Intervertebral disc disord,9,0.2808112324,0,9,303,0,912,,,1224,1.9719856238,1224,2.2941176471,3.9230769231
INCLISIRAN,Intervertebral disc disorde,1,0.031201248,0,1,311,0,912,,,1224,1.9719856238,1224,0.2549019608,3.9230769231
BEMPEDOIC,Intervertebral disc protru,0,0.031201248,1,0,312,1,911,0,0,1224,,1224,0.2549019608,0
INCLISIRAN,Intraocular pressure increa,1,0.031201248,0,1,311,0,912,,,1224,1.9719856238,1224,0.2549019608,3.9230769231
INCLISIRAN,Ischaemic stroke,1,0.031201248,0,1,311,0,912,,,1224,1.9719856238,1224,0.2549019608,3.9230769231
BEMPEDOIC,Joint lock,0,0.0624024961,2,0,312,2,910,0,0,1224,,1224,0.5098039216,0
BEMPEDOIC,Joint noise,0,0.031201248,1,0,312,1,911,0,0,1224,,1224,0.2549019608,0
BEMPEDOIC,Joint stiffnes,0,0.031201248,1,0,312,1,911,0,0,1224,,1224,0.2549019608,0
BEMPEDOIC,Joint swelling,0,0.4680187207,15,0,312,15,897,0,0,1224,,1224,3.8235294118,0
BEMPEDOIC,Keratitis,0,0.031201248,1,0,312,1,911,0,0,1224,,1224,0.2549019608,0
BEMPEDOIC,Keratoacanthom,0,0.031201248,1,0,312,1,911,0,0,1224,,1224,0.2549019608,0
INCLISIRAN,Ketosis,1,0.031201248,0,1,311,0,912,,,1224,1.9719856238,1224,0.2549019608,3.9230769231
BEMPEDOIC,Knee arthropla,0,0.031201248,1,0,312,1,911,0,0,1224,,1224,0.2549019608,0
BEMPEDOIC,Knee arthroplasty,0,0.031201248,1,0,312,1,911,0,0,1224,,1224,0.2549019608,0
BEMPEDOIC,L,0,0.1248049922,4,0,312,4,908,0,0,1224,,1224,1.0196078431,0
BEMPEDOIC,Labelled drug-dru,0,0.1248049922,4,0,312,4,908,0,0,1224,,1224,1.0196078431,0
INCLISIRAN,Laboratory test abnormal,1,0.031201248,0,1,311,0,912,,,1224,1.9719856238,1224,0.2549019608,3.9230769231
INCLISIRAN,Lacunar infarction,1,0.031201248,0,1,311,0,912,,,1224,1.9719856238,1224,0.2549019608,3.9230769231
BEMPEDOIC,Lethargy,0,0.3120124805,10,0,312,10,902,0,0,1224,,1224,2.5490196078,0
BEMPEDOIC,Leukopenia,0,0.031201248,1,0,312,1,911,0,0,1224,,1224,0.2549019608,0
BEMPEDOIC,Ligament rupture,0,0.2496099844,8,0,312,8,904,0,0,1224,,1224,2.0392156863,0
BEMPEDOIC,Limb discomfort,0,0.031201248,1,0,312,1,911,0,0,1224,,1224,0.2549019608,0
BEMPEDOIC,Lip blister,0,0.031201248,1,0,312,1,911,0,0,1224,,1224,0.2549019608,0
BEMPEDOIC,Lip swelling,0,0.0624024961,2,0,312,2,910,0,0,1224,,1224,0.5098039216,0
BEMPEDOIC,Lipase increased,0,0.0624024961,2,0,312,2,910,0,0,1224,,1224,0.5098039216,0
INCLISIRAN,Lipids decreased,1,0.031201248,0,1,311,0,912,,,1224,1.9719856238,1224,0.2549019608,3.9230769231
INCLISIRAN,Lipids increased,1,0.031201248,0,1,311,0,912,,,1224,1.9719856238,1224,0.2549019608,3.9230769231
INCLISIRAN,Lipoma,1,0.031201248,0,1,311,0,912,,,1224,1.9719856238,1224,0.2549019608,3.9230769231
BEMPEDOIC,Lipopr,0,0.031201248,1,0,312,1,911,0,0,1224,,1224,0.2549019608,0
INCLISIRAN,Lipoprotein (a) decreased,2,0.0624024961,0,2,310,0,912,,,1224,1.9719856238,1224,0.5098039216,3.9230769231
INCLISIRAN,Lipoprotein (a) increased,4,0.1248049922,0,4,308,0,912,,,1224,1.9719856238,1224,1.0196078431,3.9230769231
BEMPEDOIC,Liver,0,0.031201248,1,0,312,1,911,0,0,1224,,1224,0.2549019608,0
INCLISIRAN,Liver functi,1,0.031201248,0,1,311,0,912,,,1224,1.9719856238,1224,0.2549019608,3.9230769231
BEMPEDOIC,Liver function,0,0.0936037441,3,0,312,3,909,0,0,1224,,1224,0.7647058824,0
INCLISIRAN,Liver function tes,1,0.031201248,0,1,311,0,912,,,1224,1.9719856238,1224,0.2549019608,3.9230769231
INCLISIRAN,Liver function test abnorma,1,0.031201248,0,1,311,0,912,,,1224,1.9719856238,1224,0.2549019608,3.9230769231
INCLISIRAN,Liver function test increas,2,0.0624024961,0,2,310,0,912,,,1224,1.9719856238,1224,0.5098039216,3.9230769231
INCLISIRAN,Liver injury,1,0.031201248,0,1,311,0,912,,,1224,1.9719856238,1224,0.2549019608,3.9230769231
BEMPEDOIC,Loss o,0,0.031201248,1,0,312,1,911,0,0,1224,,1224,0.2549019608,0
BEMPEDOIC,Loss of consciousness,0,0.0624024961,2,0,312,2,910,0,0,1224,,1224,0.5098039216,0
BEMPEDOIC,Loss of personal,0,0.031201248,1,0,312,1,911,0,0,1224,,1224,0.2549019608,0
BEMPEDOIC,Loss of personal independe,0,0.031201248,1,0,312,1,911,0,0,1224,,1224,0.2549019608,0
BEMPEDOIC,Loss of therap,0,0.031201248,1,0,312,1,911,0,0,1224,,1224,0.2549019608,0
INCLISIRAN,Low density,1,0.031201248,0,1,311,0,912,,,1224,1.9719856238,1224,0.2549019608,3.9230769231
BEMPEDOIC,Low density li,0,0.0624024961,2,0,312,2,910,0,0,1224,,1224,0.5098039216,0
BEMPEDOIC,Low density lipop,0,0.0624024961,2,0,312,2,910,0,0,1224,,1224,0.5098039216,0
INCLISIRAN,Low density lipoprotein de,1,0.031201248,0,1,311,0,912,,,1224,1.9719856238,1224,0.2549019608,3.9230769231
INCLISIRAN,Low density lipoprotein dec,1,0.031201248,0,1,311,0,912,,,1224,1.9719856238,1224,0.2549019608,3.9230769231
INCLISIRAN,Low density lipoprotein i,4,0.1248049922,0,4,308,0,912,,,1224,1.9719856238,1224,1.0196078431,3.9230769231
INCLISIRAN,Low density lipoprotein in,3,0.0936037441,0,3,309,0,912,,,1224,1.9719856238,1224,0.7647058824,3.9230769231
INCLISIRAN,Low density lipoprotein inc,12,0.3744149766,0,12,300,0,912,,,1224,1.9719856238,1224,3.0588235294,3.9230769231
BEMPEDOIC,Lower urinary tract sym,0,0.0936037441,3,0,312,3,909,0,0,1224,,1224,0.7647058824,0
BEMPEDOIC,Lupus-like syndrome,0,0.2184087363,7,0,312,7,905,0,0,1224,,1224,1.7843137255,0
BEMPEDOIC,M,4,0.1872074883,6,4,308,6,906,1.961038961,1.9487179487,1224,0.6500575289,1224,2.5490196078,1.5692307692
BEMPEDOIC,Malabsorption,0,0.0624024961,2,0,312,2,910,0,0,1224,,1224,0.5098039216,0
BEMPEDOIC,Malais,0,0.0624024961,2,0,312,2,910,0,0,1224,,1224,0.5098039216,0
BEMPEDOIC,Malaise,10,0.7800312012,25,10,302,25,887,1.1748344371,1.1692307692,1224,0.1646307018,1224,8.9215686275,1.1208791209
BEMPEDOIC,Male sexual dy,0,0.031201248,1,0,312,1,911,0,0,1224,,1224,0.2549019608,0
INCLISIRAN,Malignant glioma,1,0.031201248,0,1,311,0,912,,,1224,1.9719856238,1224,0.2549019608,3.9230769231
BEMPEDOIC,Medication err,0,0.031201248,1,0,312,1,911,0,0,1224,,1224,0.2549019608,0
BEMPEDOIC,Medication error,0,0.031201248,1,0,312,1,911,0,0,1224,,1224,0.2549019608,0
INCLISIRAN,Melaena,2,0.0624024961,0,2,310,0,912,,,1224,1.9719856238,1224,0.5098039216,3.9230769231
BEMPEDOIC,Memory impairm,0,0.031201248,1,0,312,1,911,0,0,1224,,1224,0.2549019608,0
BEMPEDOIC,Memory impairment,0,0.031201248,1,0,312,1,911,0,0,1224,,1224,0.2549019608,0
BEMPEDOIC,Mental,0,0.031201248,1,0,312,1,911,0,0,1224,,1224,0.2549019608,0
INCLISIRAN,Mental disor,1,0.031201248,0,1,311,0,912,,,1224,1.9719856238,1224,0.2549019608,3.9230769231
BEMPEDOIC,Mental disorder,0,0.3432137285,11,0,312,11,901,0,0,1224,,1224,2.8039215686,0
INCLISIRAN,Mesenteric lymphadenitis,1,0.031201248,0,1,311,0,912,,,1224,1.9719856238,1224,0.2549019608,3.9230769231
BEMPEDOIC,Mesenteric vei,0,0.031201248,1,0,312,1,911,0,0,1224,,1224,0.2549019608,0
BEMPEDOIC,Metastases to,0,0.0936037441,3,0,312,3,909,0,0,1224,,1224,0.7647058824,0
INCLISIRAN,Metastases to liver,2,0.0624024961,0,2,310,0,912,,,1224,1.9719856238,1224,0.5098039216,3.9230769231
BEMPEDOIC,Micturi,0,0.0936037441,3,0,312,3,909,0,0,1224,,1224,0.7647058824,0
INCLISIRAN,Micturition frequency decr,1,0.031201248,0,1,311,0,912,,,1224,1.9719856238,1224,0.2549019608,3.9230769231
BEMPEDOIC,Micturition urgency,0,0.1560062402,5,0,312,5,907,0,0,1224,,1224,1.2745098039,0
BEMPEDOIC,Migraine,0,0.031201248,1,0,312,1,911,0,0,1224,,1224,0.2549019608,0
INCLISIRAN,Mitral valve incompetence,1,0.031201248,0,1,311,0,912,,,1224,1.9719856238,1224,0.2549019608,3.9230769231
BEMPEDOIC,Mobility decre,0,0.3120124805,10,0,312,10,902,0,0,1224,,1224,2.5490196078,0
BEMPEDOIC,Mobility decreased,1,0.0624024961,2,1,311,2,910,1.463022508,1.4615384615,1224,0.3870231231,1224,0.7647058824,1.3076923077
BEMPEDOIC,Mood altered,0,0.031201248,1,0,312,1,911,0,0,1224,,1224,0.2549019608,0
BEMPEDOIC,Movement disorder,0,0.0624024961,2,0,312,2,910,0,0,1224,,1224,0.5098039216,0
INCLISIRAN,Mucosal inflammation,9,0.2808112324,0,9,303,0,912,,,1224,1.9719856238,1224,2.2941176471,3.9230769231
BEMPEDOIC,Muscle,0,0.4056162246,13,0,312,13,899,0,0,1224,,1224,3.3137254902,0
BEMPEDOIC,Muscle atrophy,0,0.031201248,1,0,312,1,911,0,0,1224,,1224,0.2549019608,0
BEMPEDOIC,Muscle discomf,0,0.1248049922,4,0,312,4,908,0,0,1224,,1224,1.0196078431,0
BEMPEDOIC,Muscle discomfort,0,0.1560062402,5,0,312,5,907,0,0,1224,,1224,1.2745098039,0
BEMPEDOIC,Muscle disorde,0,0.2184087363,7,0,312,7,905,0,0,1224,,1224,1.7843137255,0
INCLISIRAN,Muscle fatigue,1,0.031201248,0,1,311,0,912,,,1224,1.9719856238,1224,0.2549019608,3.9230769231
BEMPEDOIC,Muscle injury,0,0.031201248,1,0,312,1,911,0,0,1224,,1224,0.2549019608,0
INCLISIRAN,Muscle rigidity,1,0.031201248,0,1,311,0,912,,,1224,1.9719856238,1224,0.2549019608,3.9230769231
BEMPEDOIC,Muscle rupture,0,0.4368174727,14,0,312,14,898,0,0,1224,,1224,3.568627451,0
BEMPEDOIC,Muscle spasms,6,1.4664586583,47,6,306,47,865,0.3608677514,0.3731587561,1224,-1.17097233,1224,13.509803922,0.4441219158
BEMPEDOIC,Muscle strain,0,0.031201248,1,0,312,1,911,0,0,1224,,1224,0.2549019608,0
BEMPEDOIC,Muscle strength a,0,0.031201248,1,0,312,1,911,0,0,1224,,1224,0.2549019608,0
BEMPEDOIC,Muscle tightness,0,0.031201248,1,0,312,1,911,0,0,1224,,1224,0.2549019608,0
BEMPEDOIC,Muscle twitching,0,0.0624024961,2,0,312,2,910,0,0,1224,,1224,0.5098039216,0
BEMPEDOIC,Muscul,0,0.0624024961,2,0,312,2,910,0,0,1224,,1224,0.5098039216,0
BEMPEDOIC,Muscula,0,0.1872074883,6,0,312,6,906,0,0,1224,,1224,1.5294117647,0
BEMPEDOIC,Muscular weakn,0,0.1248049922,4,0,312,4,908,0,0,1224,,1224,1.0196078431,0
BEMPEDOIC,Muscular weakness,0,0.6864274571,22,0,312,22,890,0,0,1224,,1224,5.6078431373,0
BEMPEDOIC,Musculo,0,0.031201248,1,0,312,1,911,0,0,1224,,1224,0.2549019608,0
BEMPEDOIC,Musculoskeleta,0,0.0936037441,3,0,312,3,909,0,0,1224,,1224,0.7647058824,0
BEMPEDOIC,Musculoskeletal c,0,0.031201248,1,0,312,1,911,0,0,1224,,1224,0.2549019608,0
BEMPEDOIC,Musculoskeletal d,0,0.1248049922,4,0,312,4,908,0,0,1224,,1224,1.0196078431,0
BEMPEDOIC,Musculoskeletal p,0,0.031201248,1,0,312,1,911,0,0,1224,,1224,0.2549019608,0
BEMPEDOIC,Musculoskeletal stiffne,0,0.031201248,1,0,312,1,911,0,0,1224,,1224,0.2549019608,0
BEMPEDOIC,Musculoskeletal stiffness,1,0.0936037441,3,1,311,3,909,0.9742765273,0.9743589744,1224,-0.028014376,1224,1.0196078431,0.9807692308
BEMPEDOIC,Myalgi,0,0.2808112324,9,0,312,9,903,0,0,1224,,1224,2.2941176471,0
BEMPEDOIC,Myalgia,26,5.3666146646,172,26,286,172,740,0.3911205074,0.4418604651,1224,-0.956931278,1224,50.470588235,0.5151515152
BEMPEDOIC,Myasthenia gravis,0,0.031201248,1,0,312,1,911,0,0,1224,,1224,0.2549019608,0
BEMPEDOIC,Myocard,0,0.1248049922,4,0,312,4,908,0,0,1224,,1224,1.0196078431,0
BEMPEDOIC,Myocardial inf,0,0.031201248,1,0,312,1,911,0,0,1224,,1224,0.2549019608,0
INCLISIRAN,Myocardial infarction,9,0.2808112324,0,9,303,0,912,,,1224,1.9719856238,1224,2.2941176471,3.9230769231
BEMPEDOIC,Myoclonus,0,0.2808112324,9,0,312,9,903,0,0,1224,,1224,2.2941176471,0
BEMPEDOIC,Myoglo,0,0.031201248,1,0,312,1,911,0,0,1224,,1224,0.2549019608,0
BEMPEDOIC,Myopathy,0,0.4056162246,13,0,312,13,899,0,0,1224,,1224,3.3137254902,0
BEMPEDOIC,Myoscl,0,0.031201248,1,0,312,1,911,0,0,1224,,1224,0.2549019608,0
BEMPEDOIC,Myositis,0,0.0624024961,2,0,312,2,910,0,0,1224,,1224,0.5098039216,0
BEMPEDOIC,N,1,0.0936037441,3,1,311,3,909,0.9742765273,0.9743589744,1224,-0.028014376,1224,1.0196078431,0.9807692308
BEMPEDOIC,Nasal congesti,0,0.031201248,1,0,312,1,911,0,0,1224,,1224,0.2549019608,0
BEMPEDOIC,Nasal congestion,0,0.031201248,1,0,312,1,911,0,0,1224,,1224,0.2549019608,0
BEMPEDOIC,Nausea,10,1.7160686427,55,10,302,55,857,0.5159542444,0.5314685315,1224,-0.728454094,1224,16.568627451,0.6035502959
BEMPEDOIC,Neck pa,0,0.031201248,1,0,312,1,911,0,0,1224,,1224,0.2549019608,0
BEMPEDOIC,Neck pain,1,0.1248049922,4,1,311,4,908,0.729903537,0.7307692308,1224,-0.349942471,1224,1.2745098039,0.7846153846
INCLISIRAN,Neoplasm malignant,1,0.031201248,0,1,311,0,912,,,1224,1.9719856238,1224,0.2549019608,3.9230769231
BEMPEDOIC,Nephrotic syndrome,0,0.031201248,1,0,312,1,911,0,0,1224,,1224,0.2549019608,0
BEMPEDOIC,Neuralgia,0,0.0624024961,2,0,312,2,910,0,0,1224,,1224,0.5098039216,0
INCLISIRAN,Neuroendocrine tumour,1,0.031201248,0,1,311,0,912,,,1224,1.9719856238,1224,0.2549019608,3.9230769231
INCLISIRAN,Neuromyopathy,1,0.031201248,0,1,311,0,912,,,1224,1.9719856238,1224,0.2549019608,3.9230769231
BEMPEDOIC,Neuropathy per,0,0.031201248,1,0,312,1,911,0,0,1224,,1224,0.2549019608,0
BEMPEDOIC,Neutropenia,0,0.031201248,1,0,312,1,911,0,0,1224,,1224,0.2549019608,0
BEMPEDOIC,Neutrophil cou,0,0.0624024961,2,0,312,2,910,0,0,1224,,1224,0.5098039216,0
BEMPEDOIC,Night sweats,0,0.2808112324,9,0,312,9,903,0,0,1224,,1224,2.2941176471,0
BEMPEDOIC,Nightmare,1,0.2808112324,9,1,311,9,903,0.3226152197,0.3247863248,1224,-1.349942471,1224,2.5490196078,0.3923076923
INCLISIRAN,Non-small cell lung cance,1,0.031201248,0,1,311,0,912,,,1224,1.9719856238,1224,0.2549019608,3.9230769231
INCLISIRAN,Non-small cell lung cancer,2,0.0624024961,0,2,310,0,912,,,1224,1.9719856238,1224,0.5098039216,3.9230769231
BEMPEDOIC,Nonspec,0,0.031201248,1,0,312,1,911,0,0,1224,,1224,0.2549019608,0
BEMPEDOIC,Nonspecific react,0,0.031201248,1,0,312,1,911,0,0,1224,,1224,0.2549019608,0
INCLISIRAN,O,2,0.0624024961,0,2,310,0,912,,,1224,1.9719856238,1224,0.5098039216,3.9230769231
INCLISIRAN,Obstruction,1,0.031201248,0,1,311,0,912,,,1224,1.9719856238,1224,0.2549019608,3.9230769231
BEMPEDOIC,Occupational expo,0,0.031201248,1,0,312,1,911,0,0,1224,,1224,0.2549019608,0
BEMPEDOIC,Ocular hyperaemia,0,0.2496099844,8,0,312,8,904,0,0,1224,,1224,2.0392156863,0
BEMPEDOIC,Oedema,0,0.031201248,1,0,312,1,911,0,0,1224,,1224,0.2549019608,0
BEMPEDOIC,Oedema peripheral,1,0.031201248,1,1,311,1,911,2.9292604502,2.9230769231,1224,0.9719856238,1224,0.5098039216,1.9615384615
INCLISIRAN,Oesophagitis ulcerative,1,0.031201248,0,1,311,0,912,,,1224,1.9719856238,1224,0.2549019608,3.9230769231
BEMPEDOIC,Off la,0,0.0624024961,2,0,312,2,910,0,0,1224,,1224,0.5098039216,0
BEMPEDOIC,Off lab,0,0.031201248,1,0,312,1,911,0,0,1224,,1224,0.2549019608,0
BEMPEDOIC,Off label use,8,0.3120124805,10,8,304,10,902,2.3736842105,2.3384615385,1224,0.8020606224,1224,4.5882352941,1.7435897436
BEMPEDOIC,Oral candidias,0,0.031201248,1,0,312,1,911,0,0,1224,,1224,0.2549019608,0
BEMPEDOIC,Oral he,0,0.031201248,1,0,312,1,911,0,0,1224,,1224,0.2549019608,0
BEMPEDOIC,Oral pain,0,0.031201248,1,0,312,1,911,0,0,1224,,1224,0.2549019608,0
BEMPEDOIC,Oropharyngeal,0,0.031201248,1,0,312,1,911,0,0,1224,,1224,0.2549019608,0
BEMPEDOIC,Overdose,0,0.031201248,1,0,312,1,911,0,0,1224,,1224,0.2549019608,0
INCLISIRAN,Overweight,2,0.0624024961,0,2,310,0,912,,,1224,1.9719856238,1224,0.5098039216,3.9230769231
BEMPEDOIC,P,12,0.3120124805,10,12,300,10,902,3.608,3.5076923077,1224,1.0975165059,1224,5.6078431373,2.1398601399
BEMPEDOIC,Pain,7,0.655226209,21,7,305,21,891,0.9737704918,0.9743589744,1224,-0.028014376,1224,7.137254902,0.9807692308
BEMPEDOIC,Pain i,0,0.4056162246,13,0,312,13,899,0,0,1224,,1224,3.3137254902,0
BEMPEDOIC,Pain in,0,0.2184087363,7,0,312,7,905,0,0,1224,,1224,1.7843137255,0
INCLISIRAN,Pain in extr,1,0.031201248,0,1,311,0,912,,,1224,1.9719856238,1224,0.2549019608,3.9230769231
BEMPEDOIC,Pain in extrem,0,0.2808112324,9,0,312,9,903,0,0,1224,,1224,2.2941176471,0
BEMPEDOIC,Pain in extremity,5,0.7176287051,23,5,307,23,889,0.6295142331,0.635451505,1224,-0.513441203,1224,7.137254902,0.7005494505
BEMPEDOIC,Pallor,0,0.0624024961,2,0,312,2,910,0,0,1224,,1224,0.5098039216,0
BEMPEDOIC,Palpita,0,0.2184087363,7,0,312,7,905,0,0,1224,,1224,1.7843137255,0
BEMPEDOIC,Palpitations,0,0.031201248,1,0,312,1,911,0,0,1224,,1224,0.2549019608,0
BEMPEDOIC,Pancre,0,0.031201248,1,0,312,1,911,0,0,1224,,1224,0.2549019608,0
BEMPEDOIC,Pancreatic failur,0,0.031201248,1,0,312,1,911,0,0,1224,,1224,0.2549019608,0
BEMPEDOIC,Pancreatitis,0,0.1872074883,6,0,312,6,906,0,0,1224,,1224,1.5294117647,0
BEMPEDOIC,Pancreatitis a,0,0.2184087363,7,0,312,7,905,0,0,1224,,1224,1.7843137255,0
BEMPEDOIC,Pancreatitis acut,0,0.031201248,1,0,312,1,911,0,0,1224,,1224,0.2549019608,0
BEMPEDOIC,Pancreatitis acute,1,0.1248049922,4,1,311,4,908,0.729903537,0.7307692308,1224,-0.349942471,1224,1.2745098039,0.7846153846
BEMPEDOIC,Pancreatitis necrotising,0,0.0624024961,2,0,312,2,910,0,0,1224,,1224,0.5098039216,0
BEMPEDOIC,Pancytopenia,0,0.031201248,1,0,312,1,911,0,0,1224,,1224,0.2549019608,0
BEMPEDOIC,Panic attack,9,0.031201248,1,9,303,1,911,27.059405941,26.307692308,1224,1.8199825304,1224,2.5490196078,3.5307692308
BEMPEDOIC,Paraes,0,0.0624024961,2,0,312,2,910,0,0,1224,,1224,0.5098039216,0
BEMPEDOIC,Paraest,0,0.031201248,1,0,312,1,911,0,0,1224,,1224,0.2549019608,0
BEMPEDOIC,Paraesthesia,1,0.031201248,1,1,311,1,911,2.9292604502,2.9230769231,1224,0.9719856238,1224,0.5098039216,1.9615384615
BEMPEDOIC,Paraly,0,0.031201248,1,0,312,1,911,0,0,1224,,1224,0.2549019608,0
BEMPEDOIC,Paralysis,0,0.2808112324,9,0,312,9,903,0,0,1224,,1224,2.2941176471,0
INCLISIRAN,Paraneoplastic syndrome,3,0.0936037441,0,3,309,0,912,,,1224,1.9719856238,1224,0.7647058824,3.9230769231
BEMPEDOIC,Parkin,0,0.031201248,1,0,312,1,911,0,0,1224,,1224,0.2549019608,0
BEMPEDOIC,Parkins,0,0.2184087363,7,0,312,7,905,0,0,1224,,1224,1.7843137255,0
BEMPEDOIC,Periarthritis,0,0.031201248,1,0,312,1,911,0,0,1224,,1224,0.2549019608,0
INCLISIRAN,Pericarditis,1,0.031201248,0,1,311,0,912,,,1224,1.9719856238,1224,0.2549019608,3.9230769231
BEMPEDOIC,Periorbital swell,0,0.031201248,1,0,312,1,911,0,0,1224,,1224,0.2549019608,0
BEMPEDOIC,Periphe,0,0.031201248,1,0,312,1,911,0,0,1224,,1224,0.2549019608,0
BEMPEDOIC,Peripheral swe,0,0.0624024961,2,0,312,2,910,0,0,1224,,1224,0.5098039216,0
BEMPEDOIC,Peripheral swelli,0,0.0936037441,3,0,312,3,909,0,0,1224,,1224,0.7647058824,0
BEMPEDOIC,Peripheral swelling,3,0.1560062402,5,3,309,5,907,1.7611650485,1.7538461538,1224,0.5569481246,1224,2.0392156863,1.4711538462
BEMPEDOIC,Photopsia,0,0.031201248,1,0,312,1,911,0,0,1224,,1224,0.2549019608,0
BEMPEDOIC,Photosensitivi,0,0.2184087363,7,0,312,7,905,0,0,1224,,1224,1.7843137255,0
INCLISIRAN,Pigmentation disorder,1,0.031201248,0,1,311,0,912,,,1224,1.9719856238,1224,0.2549019608,3.9230769231
INCLISIRAN,Plantar fasciitis,1,0.031201248,0,1,311,0,912,,,1224,1.9719856238,1224,0.2549019608,3.9230769231
INCLISIRAN,Pneumonia,3,0.0936037441,0,3,309,0,912,,,1224,1.9719856238,1224,0.7647058824,3.9230769231
INCLISIRAN,Pneumothorax,3,0.0936037441,0,3,309,0,912,,,1224,1.9719856238,1224,0.7647058824,3.9230769231
BEMPEDOIC,Pollakiuria,0,0.031201248,1,0,312,1,911,0,0,1224,,1224,0.2549019608,0
BEMPEDOIC,Polyarthritis,0,0.031201248,1,0,312,1,911,0,0,1224,,1224,0.2549019608,0
INCLISIRAN,Polymyalgia rheumatica,1,0.031201248,0,1,311,0,912,,,1224,1.9719856238,1224,0.2549019608,3.9230769231
BEMPEDOIC,Polyneuropathy,0,0.031201248,1,0,312,1,911,0,0,1224,,1224,0.2549019608,0
INCLISIRAN,Post procedural sepsis,1,0.031201248,0,1,311,0,912,,,1224,1.9719856238,1224,0.2549019608,3.9230769231
BEMPEDOIC,Presyncope,0,0.031201248,1,0,312,1,911,0,0,1224,,1224,0.2549019608,0
BEMPEDOIC,Produc,0,0.031201248,1,0,312,1,911,0,0,1224,,1224,0.2549019608,0
BEMPEDOIC,Product after taste,0,0.031201248,1,0,312,1,911,0,0,1224,,1224,0.2549019608,0
BEMPEDOIC,Product dispen,0,0.031201248,1,0,312,1,911,0,0,1224,,1224,0.2549019608,0
BEMPEDOIC,Product dose omis,0,0.0624024961,2,0,312,2,910,0,0,1224,,1224,0.5098039216,0
BEMPEDOIC,Product dose omission i,0,0.031201248,1,0,312,1,911,0,0,1224,,1224,0.2549019608,0
BEMPEDOIC,Product dose omission issu,0,0.0624024961,2,0,312,2,910,0,0,1224,,1224,0.5098039216,0
BEMPEDOIC,Product monitoring erro,0,0.1248049922,4,0,312,4,908,0,0,1224,,1224,1.0196078431,0
BEMPEDOIC,Product prescribing error,3,0.031201248,1,3,309,1,911,8.8446601942,8.7692307692,1224,1.5569481246,1224,1.0196078431,2.9423076923
INCLISIRAN,Product prescribing issue,2,0.0624024961,0,2,310,0,912,,,1224,1.9719856238,1224,0.5098039216,3.9230769231
BEMPEDOIC,Product use co,0,0.031201248,1,0,312,1,911,0,0,1224,,1224,0.2549019608,0
BEMPEDOIC,Product use in un,0,0.0624024961,2,0,312,2,910,0,0,1224,,1224,0.5098039216,0
BEMPEDOIC,Product use in unapproved,1,0.031201248,1,1,311,1,911,2.9292604502,2.9230769231,1224,0.9719856238,1224,0.5098039216,1.9615384615
INCLISIRAN,Product use in unapproved i,1,0.031201248,0,1,311,0,912,,,1224,1.9719856238,1224,0.2549019608,3.9230769231
BEMPEDOIC,Prostate cance,0,0.0936037441,3,0,312,3,909,0,0,1224,,1224,0.7647058824,0
BEMPEDOIC,Prurit,0,0.0624024961,2,0,312,2,910,0,0,1224,,1224,0.5098039216,0
BEMPEDOIC,Pruritu,0,0.1248049922,4,0,312,4,908,0,0,1224,,1224,1.0196078431,0
BEMPEDOIC,Pruritus,2,0.1872074883,6,2,310,6,906,0.9741935484,0.9743589744,1224,-0.028014376,1224,2.0392156863,0.9807692308
BEMPEDOIC,Psoriat,0,0.031201248,1,0,312,1,911,0,0,1224,,1224,0.2549019608,0
INCLISIRAN,Pulmonary embolism,4,0.1248049922,0,4,308,0,912,,,1224,1.9719856238,1224,1.0196078431,3.9230769231
BEMPEDOIC,Pulmonary fibr,0,0.031201248,1,0,312,1,911,0,0,1224,,1224,0.2549019608,0
BEMPEDOIC,Pustul,0,0.031201248,1,0,312,1,911,0,0,1224,,1224,0.2549019608,0
BEMPEDOIC,Pustule,0,0.031201248,1,0,312,1,911,0,0,1224,,1224,0.2549019608,0
INCLISIRAN,Pyrexia,3,0.0936037441,0,3,309,0,912,,,1224,1.9719856238,1224,0.7647058824,3.9230769231
BEMPEDOIC,Quadri,0,0.031201248,1,0,312,1,911,0,0,1224,,1224,0.2549019608,0
BEMPEDOIC,Quality,0,0.031201248,1,0,312,1,911,0,0,1224,,1224,0.2549019608,0
INCLISIRAN,Quality of l,1,0.031201248,0,1,311,0,912,,,1224,1.9719856238,1224,0.2549019608,3.9230769231
BEMPEDOIC,R,10,0.2184087363,7,10,302,7,905,4.2809839167,4.1758241758,1224,1.2064508775,1224,4.3333333333,2.3076923077
BEMPEDOIC,Rash,2,0.6864274571,22,2,310,22,890,0.2609970674,0.2657342657,1224,-1.612976877,1224,6.1176470588,0.3269230769
BEMPEDOIC,Rash erythemat,0,0.031201248,1,0,312,1,911,0,0,1224,,1224,0.2549019608,0
BEMPEDOIC,Rash erythematous,1,0.0624024961,2,1,311,2,910,1.463022508,1.4615384615,1224,0.3870231231,1224,0.7647058824,1.3076923077
BEMPEDOIC,Rash m,0,0.031201248,1,0,312,1,911,0,0,1224,,1224,0.2549019608,0
BEMPEDOIC,Rash macular,0,0.031201248,1,0,312,1,911,0,0,1224,,1224,0.2549019608,0
BEMPEDOIC,Rash p,0,0.031201248,1,0,312,1,911,0,0,1224,,1224,0.2549019608,0
BEMPEDOIC,Rash papular,0,0.031201248,1,0,312,1,911,0,0,1224,,1224,0.2549019608,0
BEMPEDOIC,Rash papulosquamous,0,0.031201248,1,0,312,1,911,0,0,1224,,1224,0.2549019608,0
BEMPEDOIC,Rash pruritic,0,0.031201248,1,0,312,1,911,0,0,1224,,1224,0.2549019608,0
INCLISIRAN,Rectal cancer,2,0.0624024961,0,2,310,0,912,,,1224,1.9719856238,1224,0.5098039216,3.9230769231
INCLISIRAN,Rectal cancer recurrent,1,0.031201248,0,1,311,0,912,,,1224,1.9719856238,1224,0.2549019608,3.9230769231
INCLISIRAN,Rectal haemorrhage,2,0.0624024961,0,2,310,0,912,,,1224,1.9719856238,1224,0.5098039216,3.9230769231
BEMPEDOIC,Renal,0,0.031201248,1,0,312,1,911,0,0,1224,,1224,0.2549019608,0
INCLISIRAN,Renal cancer,1,0.031201248,0,1,311,0,912,,,1224,1.9719856238,1224,0.2549019608,3.9230769231
INCLISIRAN,Renal disorder,1,0.031201248,0,1,311,0,912,,,1224,1.9719856238,1224,0.2549019608,3.9230769231
BEMPEDOIC,Renal f,0,0.031201248,1,0,312,1,911,0,0,1224,,1224,0.2549019608,0
BEMPEDOIC,Renal failure,0,0.1872074883,6,0,312,6,906,0,0,1224,,1224,1.5294117647,0
BEMPEDOIC,Renal i,0,0.1248049922,4,0,312,4,908,0,0,1224,,1224,1.0196078431,0
INCLISIRAN,Renal impair,1,0.031201248,0,1,311,0,912,,,1224,1.9719856238,1224,0.2549019608,3.9230769231
BEMPEDOIC,Renal impairme,0,0.1872074883,6,0,312,6,906,0,0,1224,,1224,1.5294117647,0
BEMPEDOIC,Renal impairment,1,0.0936037441,3,1,311,3,909,0.9742765273,0.9743589744,1224,-0.028014376,1224,1.0196078431,0.9807692308
INCLISIRAN,Renal neoplasm,1,0.031201248,0,1,311,0,912,,,1224,1.9719856238,1224,0.2549019608,3.9230769231
BEMPEDOIC,Renal pain,0,0.1560062402,5,0,312,5,907,0,0,1224,,1224,1.2745098039,0
BEMPEDOIC,Respira,0,0.0624024961,2,0,312,2,910,0,0,1224,,1224,0.5098039216,0
INCLISIRAN,Respiratory,1,0.031201248,0,1,311,0,912,,,1224,1.9719856238,1224,0.2549019608,3.9230769231
BEMPEDOIC,Respiratory di,0,0.031201248,1,0,312,1,911,0,0,1224,,1224,0.2549019608,0
BEMPEDOIC,Respiratory disor,0,0.031201248,1,0,312,1,911,0,0,1224,,1224,0.2549019608,0
INCLISIRAN,Respiratory failure,2,0.0624024961,0,2,310,0,912,,,1224,1.9719856238,1224,0.5098039216,3.9230769231
BEMPEDOIC,Respiratory tr,0,0.0624024961,2,0,312,2,910,0,0,1224,,1224,0.5098039216,0
INCLISIRAN,Respiratory tract infecti,2,0.0624024961,0,2,310,0,912,,,1224,1.9719856238,1224,0.5098039216,3.9230769231
INCLISIRAN,Respiratory tract infection,1,0.031201248,0,1,311,0,912,,,1224,1.9719856238,1224,0.2549019608,3.9230769231
BEMPEDOIC,Restle,0,0.1872074883,6,0,312,6,906,0,0,1224,,1224,1.5294117647,0
BEMPEDOIC,Restles,0,0.031201248,1,0,312,1,911,0,0,1224,,1224,0.2549019608,0
BEMPEDOIC,Restless legs syndrome,0,0.031201248,1,0,312,1,911,0,0,1224,,1224,0.2549019608,0
INCLISIRAN,Restlessness,1,0.031201248,0,1,311,0,912,,,1224,1.9719856238,1224,0.2549019608,3.9230769231
BEMPEDOIC,Rhabdomyolysis,0,0.1872074883,6,0,312,6,906,0,0,1224,,1224,1.5294117647,0
BEMPEDOIC,Rheumatoid arthritis,0,0.0624024961,2,0,312,2,910,0,0,1224,,1224,0.5098039216,0
BEMPEDOIC,Rhinor,0,0.0624024961,2,0,312,2,910,0,0,1224,,1224,0.5098039216,0
INCLISIRAN,Rib fracture,2,0.0624024961,0,2,310,0,912,,,1224,1.9719856238,1224,0.5098039216,3.9230769231
BEMPEDOIC,Rotator cuff synd,0,0.031201248,1,0,312,1,911,0,0,1224,,1224,0.2549019608,0
BEMPEDOIC,S,0,0.1560062402,5,0,312,5,907,0,0,1224,,1224,1.2745098039,0
BEMPEDOIC,Seizure,0,0.0624024961,2,0,312,2,910,0,0,1224,,1224,0.5098039216,0
INCLISIRAN,Self-medicat,1,0.031201248,0,1,311,0,912,,,1224,1.9719856238,1224,0.2549019608,3.9230769231
BEMPEDOIC,Sensor,0,0.031201248,1,0,312,1,911,0,0,1224,,1224,0.2549019608,0
BEMPEDOIC,Sensory loss,0,0.031201248,1,0,312,1,911,0,0,1224,,1224,0.2549019608,0
BEMPEDOIC,Serum ferritin,0,0.031201248,1,0,312,1,911,0,0,1224,,1224,0.2549019608,0
BEMPEDOIC,Shoulder girdle pain,0,0.031201248,1,0,312,1,911,0,0,1224,,1224,0.2549019608,0
BEMPEDOIC,Sinus congestion,0,0.031201248,1,0,312,1,911,0,0,1224,,1224,0.2549019608,0
BEMPEDOIC,Sinus headache,0,0.031201248,1,0,312,1,911,0,0,1224,,1224,0.2549019608,0
BEMPEDOIC,Skin bu,0,0.031201248,1,0,312,1,911,0,0,1224,,1224,0.2549019608,0
BEMPEDOIC,Skin burning sens,0,0.031201248,1,0,312,1,911,0,0,1224,,1224,0.2549019608,0
BEMPEDOIC,Skin exfoliati,0,0.031201248,1,0,312,1,911,0,0,1224,,1224,0.2549019608,0
BEMPEDOIC,Skin wa,0,0.031201248,1,0,312,1,911,0,0,1224,,1224,0.2549019608,0
BEMPEDOIC,Skull fracture,0,0.0624024961,2,0,312,2,910,0,0,1224,,1224,0.5098039216,0
BEMPEDOIC,Sleep disorder du,0,0.031201248,1,0,312,1,911,0,0,1224,,1224,0.2549019608,0
BEMPEDOIC,Sleep terror,0,0.031201248,1,0,312,1,911,0,0,1224,,1224,0.2549019608,0
BEMPEDOIC,Small,0,0.031201248,1,0,312,1,911,0,0,1224,,1224,0.2549019608,0
BEMPEDOIC,Sneezi,0,0.0624024961,2,0,312,2,910,0,0,1224,,1224,0.5098039216,0
BEMPEDOIC,Sneezing,0,0.031201248,1,0,312,1,911,0,0,1224,,1224,0.2549019608,0
BEMPEDOIC,Somnol,0,0.031201248,1,0,312,1,911,0,0,1224,,1224,0.2549019608,0
BEMPEDOIC,Somnole,0,0.2496099844,8,0,312,8,904,0,0,1224,,1224,2.0392156863,0
BEMPEDOIC,Somnolence,0,0.2184087363,7,0,312,7,905,0,0,1224,,1224,1.7843137255,0
BEMPEDOIC,Speech disorder,0,0.031201248,1,0,312,1,911,0,0,1224,,1224,0.2549019608,0
BEMPEDOIC,Spinal,0,0.031201248,1,0,312,1,911,0,0,1224,,1224,0.2549019608,0
BEMPEDOIC,Splenic vein thrombosis,0,0.031201248,1,0,312,1,911,0,0,1224,,1224,0.2549019608,0
BEMPEDOIC,Squamous cell carcinoma of,0,0.031201248,1,0,312,1,911,0,0,1224,,1224,0.2549019608,0
INCLISIRAN,Staphylococcal sepsis,4,0.1248049922,0,4,308,0,912,,,1224,1.9719856238,1224,1.0196078431,3.9230769231
BEMPEDOIC,Stenos,0,0.1248049922,4,0,312,4,908,0,0,1224,,1224,1.0196078431,0
BEMPEDOIC,Stevens-Johnso,0,0.031201248,1,0,312,1,911,0,0,1224,,1224,0.2549019608,0
INCLISIRAN,Stress,1,0.031201248,0,1,311,0,912,,,1224,1.9719856238,1224,0.2549019608,3.9230769231
INCLISIRAN,Sudden hearing loss,1,0.031201248,0,1,311,0,912,,,1224,1.9719856238,1224,0.2549019608,3.9230769231
BEMPEDOIC,Suicid,0,0.031201248,1,0,312,1,911,0,0,1224,,1224,0.2549019608,0
BEMPEDOIC,Suicidal ideat,0,0.1872074883,6,0,312,6,906,0,0,1224,,1224,1.5294117647,0
BEMPEDOIC,Suicidal ideation,0,0.0936037441,3,0,312,3,909,0,0,1224,,1224,0.7647058824,0
BEMPEDOIC,Supraventricular extrasyst,0,0.031201248,1,0,312,1,911,0,0,1224,,1224,0.2549019608,0
BEMPEDOIC,Swelli,0,0.031201248,1,0,312,1,911,0,0,1224,,1224,0.2549019608,0
BEMPEDOIC,Swelling,1,0.031201248,1,1,311,1,911,2.9292604502,2.9230769231,1224,0.9719856238,1224,0.5098039216,1.9615384615
BEMPEDOIC,Swelling face,1,0.0624024961,2,1,311,2,910,1.463022508,1.4615384615,1224,0.3870231231,1224,0.7647058824,1.3076923077
BEMPEDOIC,Swollen tongue,0,0.031201248,1,0,312,1,911,0,0,1224,,1224,0.2549019608,0
BEMPEDOIC,Syncope,2,0.031201248,1,2,310,1,911,5.8774193548,5.8461538462,1224,1.3870231231,1224,0.7647058824,2.6153846154
BEMPEDOIC,Synovial cyst,0,0.031201248,1,0,312,1,911,0,0,1224,,1224,0.2549019608,0
BEMPEDOIC,Synovitis,0,0.0624024961,2,0,312,2,910,0,0,1224,,1224,0.5098039216,0
BEMPEDOIC,T,1,0.4056162246,13,1,311,13,899,0.2223596339,0.224852071,1224,-1.835369298,1224,3.568627451,0.2802197802
BEMPEDOIC,Tachycardia,1,0.0624024961,2,1,311,2,910,1.463022508,1.4615384615,1224,0.3870231231,1224,0.7647058824,1.3076923077
BEMPEDOIC,Taste disorder,0,0.031201248,1,0,312,1,911,0,0,1224,,1224,0.2549019608,0
INCLISIRAN,Tenderness,1,0.031201248,0,1,311,0,912,,,1224,1.9719856238,1224,0.2549019608,3.9230769231
BEMPEDOIC,Tendon,0,0.1248049922,4,0,312,4,908,0,0,1224,,1224,1.0196078431,0
BEMPEDOIC,Tendon disorde,0,0.0624024961,2,0,312,2,910,0,0,1224,,1224,0.5098039216,0
BEMPEDOIC,Tendon injury,0,0.2808112324,9,0,312,9,903,0,0,1224,,1224,2.2941176471,0
BEMPEDOIC,Tendon pain,0,0.0624024961,2,0,312,2,910,0,0,1224,,1224,0.5098039216,0
BEMPEDOIC,Tendon rupture,0,0.031201248,1,0,312,1,911,0,0,1224,,1224,0.2549019608,0
BEMPEDOIC,Tendoni,0,0.031201248,1,0,312,1,911,0,0,1224,,1224,0.2549019608,0
BEMPEDOIC,Tendonitis,0,0.0936037441,3,0,312,3,909,0,0,1224,,1224,0.7647058824,0
BEMPEDOIC,Tensio,0,0.0624024961,2,0,312,2,910,0,0,1224,,1224,0.5098039216,0
BEMPEDOIC,Therap,0,0.031201248,1,0,312,1,911,0,0,1224,,1224,0.2549019608,0
INCLISIRAN,Therapeutic,1,0.031201248,0,1,311,0,912,,,1224,1.9719856238,1224,0.2549019608,3.9230769231
BEMPEDOIC,Therapeutic pr,0,0.031201248,1,0,312,1,911,0,0,1224,,1224,0.2549019608,0
INCLISIRAN,Therapeutic product effec,1,0.031201248,0,1,311,0,912,,,1224,1.9719856238,1224,0.2549019608,3.9230769231
INCLISIRAN,Therapeutic product effect,1,0.031201248,0,1,311,0,912,,,1224,1.9719856238,1224,0.2549019608,3.9230769231
BEMPEDOIC,Therapeutic re,0,0.1560062402,5,0,312,5,907,0,0,1224,,1224,1.2745098039,0
BEMPEDOIC,Therapy cessation,0,0.0624024961,2,0,312,2,910,0,0,1224,,1224,0.5098039216,0
BEMPEDOIC,Therapy non-re,0,0.031201248,1,0,312,1,911,0,0,1224,,1224,0.2549019608,0
INCLISIRAN,Therapy non-respon,1,0.031201248,0,1,311,0,912,,,1224,1.9719856238,1224,0.2549019608,3.9230769231
INCLISIRAN,Therapy non-responder,4,0.1248049922,0,4,308,0,912,,,1224,1.9719856238,1224,1.0196078431,3.9230769231
BEMPEDOIC,Thirst,0,0.0624024961,2,0,312,2,910,0,0,1224,,1224,0.5098039216,0
BEMPEDOIC,Throat,0,0.031201248,1,0,312,1,911,0,0,1224,,1224,0.2549019608,0
BEMPEDOIC,Thrombocytopen,0,0.031201248,1,0,312,1,911,0,0,1224,,1224,0.2549019608,0
INCLISIRAN,Thrombosis,1,0.031201248,0,1,311,0,912,,,1224,1.9719856238,1224,0.2549019608,3.9230769231
BEMPEDOIC,Thymoma,0,0.0624024961,2,0,312,2,910,0,0,1224,,1224,0.5098039216,0
INCLISIRAN,Thyroiditis,1,0.031201248,0,1,311,0,912,,,1224,1.9719856238,1224,0.2549019608,3.9230769231
BEMPEDOIC,Tibia fracture,0,0.031201248,1,0,312,1,911,0,0,1224,,1224,0.2549019608,0
BEMPEDOIC,Tinnit,0,0.031201248,1,0,312,1,911,0,0,1224,,1224,0.2549019608,0
INCLISIRAN,Tinnitus,1,0.031201248,0,1,311,0,912,,,1224,1.9719856238,1224,0.2549019608,3.9230769231
BEMPEDOIC,Tongue,0,0.0624024961,2,0,312,2,910,0,0,1224,,1224,0.5098039216,0
BEMPEDOIC,Tongue discomfort,0,0.031201248,1,0,312,1,911,0,0,1224,,1224,0.2549019608,0
INCLISIRAN,Toxic skin eruption,2,0.0624024961,0,2,310,0,912,,,1224,1.9719856238,1224,0.5098039216,3.9230769231
INCLISIRAN,Toxicity to various agent,1,0.031201248,0,1,311,0,912,,,1224,1.9719856238,1224,0.2549019608,3.9230769231
BEMPEDOIC,Transaminases increased,0,0.031201248,1,0,312,1,911,0,0,1224,,1224,0.2549019608,0
BEMPEDOIC,Treatment nonc,0,0.031201248,1,0,312,1,911,0,0,1224,,1224,0.2549019608,0
INCLISIRAN,Treatment noncompliance,1,0.031201248,0,1,311,0,912,,,1224,1.9719856238,1224,0.2549019608,3.9230769231
BEMPEDOIC,Tremor,0,0.0624024961,2,0,312,2,910,0,0,1224,,1224,0.5098039216,0
INCLISIRAN,Triple negative breast ca,1,0.031201248,0,1,311,0,912,,,1224,1.9719856238,1224,0.2549019608,3.9230769231
INCLISIRAN,Triple negative breast canc,2,0.0624024961,0,2,310,0,912,,,1224,1.9719856238,1224,0.5098039216,3.9230769231
INCLISIRAN,Type 2 diabetes mellitus,1,0.031201248,0,1,311,0,912,,,1224,1.9719856238,1224,0.2549019608,3.9230769231
INCLISIRAN,U,6,0.1872074883,0,6,306,0,912,,,1224,1.9719856238,1224,1.5294117647,3.9230769231
INCLISIRAN,Upper gastrointestinal hae,2,0.0624024961,0,2,310,0,912,,,1224,1.9719856238,1224,0.5098039216,3.9230769231
INCLISIRAN,Upper gastrointestinal haem,3,0.0936037441,0,3,309,0,912,,,1224,1.9719856238,1224,0.7647058824,3.9230769231
BEMPEDOIC,Urinar,0,0.0936037441,3,0,312,3,909,0,0,1224,,1224,0.7647058824,0
BEMPEDOIC,Urinary,0,0.2496099844,8,0,312,8,904,0,0,1224,,1224,2.0392156863,0
BEMPEDOIC,Urinary retention,0,0.031201248,1,0,312,1,911,0,0,1224,,1224,0.2549019608,0
INCLISIRAN,Urinary tract infection,2,0.0624024961,0,2,310,0,912,,,1224,1.9719856238,1224,0.5098039216,3.9230769231
BEMPEDOIC,Urine,0,0.031201248,1,0,312,1,911,0,0,1224,,1224,0.2549019608,0
INCLISIRAN,Urine output,1,0.031201248,0,1,311,0,912,,,1224,1.9719856238,1224,0.2549019608,3.9230769231
BEMPEDOIC,Urticaria,1,0.0624024961,2,1,311,2,910,1.463022508,1.4615384615,1224,0.3870231231,1224,0.7647058824,1.3076923077
INCLISIRAN,Uterine haemorrhag,1,0.031201248,0,1,311,0,912,,,1224,1.9719856238,1224,0.2549019608,3.9230769231
BEMPEDOIC,Uterine prolapse,0,0.031201248,1,0,312,1,911,0,0,1224,,1224,0.2549019608,0
BEMPEDOIC,V,1,0.0624024961,2,1,311,2,910,1.463022508,1.4615384615,1224,0.3870231231,1224,0.7647058824,1.3076923077
BEMPEDOIC,Varico,0,0.031201248,1,0,312,1,911,0,0,1224,,1224,0.2549019608,0
BEMPEDOIC,Vascular pseudoaneurysm,0,0.031201248,1,0,312,1,911,0,0,1224,,1224,0.2549019608,0
BEMPEDOIC,Ventricular extra,0,0.031201248,1,0,312,1,911,0,0,1224,,1224,0.2549019608,0
INCLISIRAN,Ventricular fibrillation,1,0.031201248,0,1,311,0,912,,,1224,1.9719856238,1224,0.2549019608,3.9230769231
BEMPEDOIC,Vertigo,0,0.0624024961,2,0,312,2,910,0,0,1224,,1224,0.5098039216,0
INCLISIRAN,Viral infection,1,0.031201248,0,1,311,0,912,,,1224,1.9719856238,1224,0.2549019608,3.9230769231
BEMPEDOIC,Vision,0,0.031201248,1,0,312,1,911,0,0,1224,,1224,0.2549019608,0
BEMPEDOIC,Vision blurred,0,0.2808112324,9,0,312,9,903,0,0,1224,,1224,2.2941176471,0
BEMPEDOIC,Visual,0,0.031201248,1,0,312,1,911,0,0,1224,,1224,0.2549019608,0
BEMPEDOIC,Visual impairm,0,0.031201248,1,0,312,1,911,0,0,1224,,1224,0.2549019608,0
BEMPEDOIC,Visual impairment,0,0.031201248,1,0,312,1,911,0,0,1224,,1224,0.2549019608,0
BEMPEDOIC,Vitreo,0,0.031201248,1,0,312,1,911,0,0,1224,,1224,0.2549019608,0
BEMPEDOIC,Vitreous floaters,0,0.031201248,1,0,312,1,911,0,0,1224,,1224,0.2549019608,0
BEMPEDOIC,Vomitin,0,0.0624024961,2,0,312,2,910,0,0,1224,,1224,0.5098039216,0
BEMPEDOIC,Vomiting,0,0.1560062402,5,0,312,5,907,0,0,1224,,1224,1.2745098039,0
BEMPEDOIC,W,0,0.031201248,1,0,312,1,911,0,0,1224,,1224,0.2549019608,0
BEMPEDOIC,Weight bearing di,0,0.031201248,1,0,312,1,911,0,0,1224,,1224,0.2549019608,0
BEMPEDOIC,Weight decreas,0,0.031201248,1,0,312,1,911,0,0,1224,,1224,0.2549019608,0
BEMPEDOIC,Weight decreased,0,0.2496099844,8,0,312,8,904,0,0,1224,,1224,2.0392156863,0
BEMPEDOIC,Weight increased,1,0.0624024961,2,1,311,2,910,1.463022508,1.4615384615,1224,0.3870231231,1224,0.7647058824,1.3076923077
BEMPEDOIC,White blood cell count in,0,0.0624024961,2,0,312,2,910,0,0,1224,,1224,0.5098039216,0
BEMPEDOIC,Wrong,0,0.031201248,1,0,312,1,911,0,0,1224,,1224,0.2549019608,0
